PRAGMA foreign_keys=OFF;
BEGIN TRANSACTION;
CREATE TABLE IF NOT EXISTS "django_migrations" ("id" integer NOT NULL PRIMARY KEY AUTOINCREMENT, "app" varchar(255) NOT NULL, "name" varchar(255) NOT NULL, "applied" datetime NOT NULL);
INSERT INTO django_migrations VALUES(1,'contenttypes','0001_initial','2025-12-01 20:38:36.556971');
INSERT INTO django_migrations VALUES(2,'auth','0001_initial','2025-12-01 20:38:36.567857');
INSERT INTO django_migrations VALUES(3,'admin','0001_initial','2025-12-01 20:38:36.575938');
INSERT INTO django_migrations VALUES(4,'admin','0002_logentry_remove_auto_add','2025-12-01 20:38:36.582881');
INSERT INTO django_migrations VALUES(5,'admin','0003_logentry_add_action_flag_choices','2025-12-01 20:38:36.589154');
INSERT INTO django_migrations VALUES(6,'contenttypes','0002_remove_content_type_name','2025-12-01 20:38:36.599397');
INSERT INTO django_migrations VALUES(7,'auth','0002_alter_permission_name_max_length','2025-12-01 20:38:36.606686');
INSERT INTO django_migrations VALUES(8,'auth','0003_alter_user_email_max_length','2025-12-01 20:38:36.613203');
INSERT INTO django_migrations VALUES(9,'auth','0004_alter_user_username_opts','2025-12-01 20:38:36.620894');
INSERT INTO django_migrations VALUES(10,'auth','0005_alter_user_last_login_null','2025-12-01 20:38:36.628325');
INSERT INTO django_migrations VALUES(11,'auth','0006_require_contenttypes_0002','2025-12-01 20:38:36.631551');
INSERT INTO django_migrations VALUES(12,'auth','0007_alter_validators_add_error_messages','2025-12-01 20:38:36.637989');
INSERT INTO django_migrations VALUES(13,'auth','0008_alter_user_username_max_length','2025-12-01 20:38:36.644684');
INSERT INTO django_migrations VALUES(14,'auth','0009_alter_user_last_name_max_length','2025-12-01 20:38:36.654165');
INSERT INTO django_migrations VALUES(15,'auth','0010_alter_group_name_max_length','2025-12-01 20:38:36.661198');
INSERT INTO django_migrations VALUES(16,'auth','0011_update_proxy_permissions','2025-12-01 20:38:36.667452');
INSERT INTO django_migrations VALUES(17,'auth','0012_alter_user_first_name_max_length','2025-12-01 20:38:36.674083');
INSERT INTO django_migrations VALUES(18,'lawfirm','0001_initial','2025-12-01 20:38:36.693032');
INSERT INTO django_migrations VALUES(19,'sessions','0001_initial','2025-12-01 20:38:36.700144');
INSERT INTO django_migrations VALUES(20,'lawfirm','0002_blogpost_seo_description_blogpost_seo_keywords_and_more','2025-12-01 20:59:08.406300');
CREATE TABLE IF NOT EXISTS "auth_group_permissions" ("id" integer NOT NULL PRIMARY KEY AUTOINCREMENT, "group_id" integer NOT NULL REFERENCES "auth_group" ("id") DEFERRABLE INITIALLY DEFERRED, "permission_id" integer NOT NULL REFERENCES "auth_permission" ("id") DEFERRABLE INITIALLY DEFERRED);
CREATE TABLE IF NOT EXISTS "auth_user_groups" ("id" integer NOT NULL PRIMARY KEY AUTOINCREMENT, "user_id" integer NOT NULL REFERENCES "auth_user" ("id") DEFERRABLE INITIALLY DEFERRED, "group_id" integer NOT NULL REFERENCES "auth_group" ("id") DEFERRABLE INITIALLY DEFERRED);
CREATE TABLE IF NOT EXISTS "auth_user_user_permissions" ("id" integer NOT NULL PRIMARY KEY AUTOINCREMENT, "user_id" integer NOT NULL REFERENCES "auth_user" ("id") DEFERRABLE INITIALLY DEFERRED, "permission_id" integer NOT NULL REFERENCES "auth_permission" ("id") DEFERRABLE INITIALLY DEFERRED);
CREATE TABLE IF NOT EXISTS "django_admin_log" ("id" integer NOT NULL PRIMARY KEY AUTOINCREMENT, "object_id" text NULL, "object_repr" varchar(200) NOT NULL, "action_flag" smallint unsigned NOT NULL CHECK ("action_flag" >= 0), "change_message" text NOT NULL, "content_type_id" integer NULL REFERENCES "django_content_type" ("id") DEFERRABLE INITIALLY DEFERRED, "user_id" integer NOT NULL REFERENCES "auth_user" ("id") DEFERRABLE INITIALLY DEFERRED, "action_time" datetime NOT NULL);
CREATE TABLE IF NOT EXISTS "django_content_type" ("id" integer NOT NULL PRIMARY KEY AUTOINCREMENT, "app_label" varchar(100) NOT NULL, "model" varchar(100) NOT NULL);
INSERT INTO django_content_type VALUES(1,'admin','logentry');
INSERT INTO django_content_type VALUES(2,'auth','permission');
INSERT INTO django_content_type VALUES(3,'auth','group');
INSERT INTO django_content_type VALUES(4,'auth','user');
INSERT INTO django_content_type VALUES(5,'contenttypes','contenttype');
INSERT INTO django_content_type VALUES(6,'sessions','session');
INSERT INTO django_content_type VALUES(7,'lawfirm','category');
INSERT INTO django_content_type VALUES(8,'lawfirm','consultationtype');
INSERT INTO django_content_type VALUES(9,'lawfirm','contactmessage');
INSERT INTO django_content_type VALUES(10,'lawfirm','qacategory');
INSERT INTO django_content_type VALUES(11,'lawfirm','sitesettings');
INSERT INTO django_content_type VALUES(12,'lawfirm','testimonial');
INSERT INTO django_content_type VALUES(13,'lawfirm','blogpost');
INSERT INTO django_content_type VALUES(14,'lawfirm','consultationrequest');
INSERT INTO django_content_type VALUES(15,'lawfirm','question');
INSERT INTO django_content_type VALUES(16,'lawfirm','answer');
CREATE TABLE IF NOT EXISTS "auth_permission" ("id" integer NOT NULL PRIMARY KEY AUTOINCREMENT, "content_type_id" integer NOT NULL REFERENCES "django_content_type" ("id") DEFERRABLE INITIALLY DEFERRED, "codename" varchar(100) NOT NULL, "name" varchar(255) NOT NULL);
INSERT INTO auth_permission VALUES(1,1,'add_logentry','Can add log entry');
INSERT INTO auth_permission VALUES(2,1,'change_logentry','Can change log entry');
INSERT INTO auth_permission VALUES(3,1,'delete_logentry','Can delete log entry');
INSERT INTO auth_permission VALUES(4,1,'view_logentry','Can view log entry');
INSERT INTO auth_permission VALUES(5,2,'add_permission','Can add permission');
INSERT INTO auth_permission VALUES(6,2,'change_permission','Can change permission');
INSERT INTO auth_permission VALUES(7,2,'delete_permission','Can delete permission');
INSERT INTO auth_permission VALUES(8,2,'view_permission','Can view permission');
INSERT INTO auth_permission VALUES(9,3,'add_group','Can add group');
INSERT INTO auth_permission VALUES(10,3,'change_group','Can change group');
INSERT INTO auth_permission VALUES(11,3,'delete_group','Can delete group');
INSERT INTO auth_permission VALUES(12,3,'view_group','Can view group');
INSERT INTO auth_permission VALUES(13,4,'add_user','Can add user');
INSERT INTO auth_permission VALUES(14,4,'change_user','Can change user');
INSERT INTO auth_permission VALUES(15,4,'delete_user','Can delete user');
INSERT INTO auth_permission VALUES(16,4,'view_user','Can view user');
INSERT INTO auth_permission VALUES(17,5,'add_contenttype','Can add content type');
INSERT INTO auth_permission VALUES(18,5,'change_contenttype','Can change content type');
INSERT INTO auth_permission VALUES(19,5,'delete_contenttype','Can delete content type');
INSERT INTO auth_permission VALUES(20,5,'view_contenttype','Can view content type');
INSERT INTO auth_permission VALUES(21,6,'add_session','Can add session');
INSERT INTO auth_permission VALUES(22,6,'change_session','Can change session');
INSERT INTO auth_permission VALUES(23,6,'delete_session','Can delete session');
INSERT INTO auth_permission VALUES(24,6,'view_session','Can view session');
INSERT INTO auth_permission VALUES(25,7,'add_category','Can add دسته‌بندی');
INSERT INTO auth_permission VALUES(26,7,'change_category','Can change دسته‌بندی');
INSERT INTO auth_permission VALUES(27,7,'delete_category','Can delete دسته‌بندی');
INSERT INTO auth_permission VALUES(28,7,'view_category','Can view دسته‌بندی');
INSERT INTO auth_permission VALUES(29,8,'add_consultationtype','Can add نوع مشاوره');
INSERT INTO auth_permission VALUES(30,8,'change_consultationtype','Can change نوع مشاوره');
INSERT INTO auth_permission VALUES(31,8,'delete_consultationtype','Can delete نوع مشاوره');
INSERT INTO auth_permission VALUES(32,8,'view_consultationtype','Can view نوع مشاوره');
INSERT INTO auth_permission VALUES(33,9,'add_contactmessage','Can add پیام تماس');
INSERT INTO auth_permission VALUES(34,9,'change_contactmessage','Can change پیام تماس');
INSERT INTO auth_permission VALUES(35,9,'delete_contactmessage','Can delete پیام تماس');
INSERT INTO auth_permission VALUES(36,9,'view_contactmessage','Can view پیام تماس');
INSERT INTO auth_permission VALUES(37,10,'add_qacategory','Can add دسته‌بندی پرسش و پاسخ');
INSERT INTO auth_permission VALUES(38,10,'change_qacategory','Can change دسته‌بندی پرسش و پاسخ');
INSERT INTO auth_permission VALUES(39,10,'delete_qacategory','Can delete دسته‌بندی پرسش و پاسخ');
INSERT INTO auth_permission VALUES(40,10,'view_qacategory','Can view دسته‌بندی پرسش و پاسخ');
INSERT INTO auth_permission VALUES(41,11,'add_sitesettings','Can add تنظیمات سایت');
INSERT INTO auth_permission VALUES(42,11,'change_sitesettings','Can change تنظیمات سایت');
INSERT INTO auth_permission VALUES(43,11,'delete_sitesettings','Can delete تنظیمات سایت');
INSERT INTO auth_permission VALUES(44,11,'view_sitesettings','Can view تنظیمات سایت');
INSERT INTO auth_permission VALUES(45,12,'add_testimonial','Can add نظر مشتری');
INSERT INTO auth_permission VALUES(46,12,'change_testimonial','Can change نظر مشتری');
INSERT INTO auth_permission VALUES(47,12,'delete_testimonial','Can delete نظر مشتری');
INSERT INTO auth_permission VALUES(48,12,'view_testimonial','Can view نظر مشتری');
INSERT INTO auth_permission VALUES(49,13,'add_blogpost','Can add مقاله');
INSERT INTO auth_permission VALUES(50,13,'change_blogpost','Can change مقاله');
INSERT INTO auth_permission VALUES(51,13,'delete_blogpost','Can delete مقاله');
INSERT INTO auth_permission VALUES(52,13,'view_blogpost','Can view مقاله');
INSERT INTO auth_permission VALUES(53,14,'add_consultationrequest','Can add درخواست مشاوره');
INSERT INTO auth_permission VALUES(54,14,'change_consultationrequest','Can change درخواست مشاوره');
INSERT INTO auth_permission VALUES(55,14,'delete_consultationrequest','Can delete درخواست مشاوره');
INSERT INTO auth_permission VALUES(56,14,'view_consultationrequest','Can view درخواست مشاوره');
INSERT INTO auth_permission VALUES(57,15,'add_question','Can add سوال');
INSERT INTO auth_permission VALUES(58,15,'change_question','Can change سوال');
INSERT INTO auth_permission VALUES(59,15,'delete_question','Can delete سوال');
INSERT INTO auth_permission VALUES(60,15,'view_question','Can view سوال');
INSERT INTO auth_permission VALUES(61,16,'add_answer','Can add پاسخ');
INSERT INTO auth_permission VALUES(62,16,'change_answer','Can change پاسخ');
INSERT INTO auth_permission VALUES(63,16,'delete_answer','Can delete پاسخ');
INSERT INTO auth_permission VALUES(64,16,'view_answer','Can view پاسخ');
CREATE TABLE IF NOT EXISTS "auth_group" ("id" integer NOT NULL PRIMARY KEY AUTOINCREMENT, "name" varchar(150) NOT NULL UNIQUE);
CREATE TABLE IF NOT EXISTS "auth_user" ("id" integer NOT NULL PRIMARY KEY AUTOINCREMENT, "password" varchar(128) NOT NULL, "last_login" datetime NULL, "is_superuser" bool NOT NULL, "username" varchar(150) NOT NULL UNIQUE, "last_name" varchar(150) NOT NULL, "email" varchar(254) NOT NULL, "is_staff" bool NOT NULL, "is_active" bool NOT NULL, "date_joined" datetime NOT NULL, "first_name" varchar(150) NOT NULL);
INSERT INTO auth_user VALUES(1,'pbkdf2_sha256$600000$SvuUGtrZWREfpzonLMwtpU$T/VWfZiWN2pAy4WqsGAplOGtBxWFhmeKPZMc4hUPItk=',NULL,1,'admin','','admin@dadgan.com',1,1,'2025-12-01 20:58:19.123270','');
CREATE TABLE IF NOT EXISTS "lawfirm_category" ("id" integer NOT NULL PRIMARY KEY AUTOINCREMENT, "name" varchar(100) NOT NULL, "slug" varchar(100) NOT NULL UNIQUE, "description" text NOT NULL, "created_at" datetime NOT NULL);
INSERT INTO lawfirm_category VALUES(1,'مشاوره حقوقی خانوادگی','مشاوره-حقوقی-خانوادگی','','2025-12-01 21:18:56.035150');
INSERT INTO lawfirm_category VALUES(2,'حقوق کار','حقوق-کار','','2025-12-01 21:18:56.044241');
INSERT INTO lawfirm_category VALUES(3,'حقوق تجاری','حقوق-تجاری','','2025-12-01 21:18:56.049946');
INSERT INTO lawfirm_category VALUES(4,'حقوق ملکی','حقوق-ملکی','','2025-12-01 21:18:56.056575');
INSERT INTO lawfirm_category VALUES(5,'دفاع قانونی','دفاع-قانونی','','2025-12-01 21:18:56.063134');
INSERT INTO lawfirm_category VALUES(6,'مشاوره عمومی','مشاوره-عمومی','','2025-12-01 21:18:56.068421');
INSERT INTO lawfirm_category VALUES(7,'عمومی','general','مقالات عمومی حقوقی','2025-12-01 21:43:02.224856');
CREATE TABLE IF NOT EXISTS "lawfirm_consultationtype" ("id" integer NOT NULL PRIMARY KEY AUTOINCREMENT, "name" varchar(100) NOT NULL, "price" integer unsigned NOT NULL CHECK ("price" >= 0), "duration" integer unsigned NOT NULL CHECK ("duration" >= 0), "description" text NOT NULL, "is_active" bool NOT NULL);
CREATE TABLE IF NOT EXISTS "lawfirm_contactmessage" ("id" integer NOT NULL PRIMARY KEY AUTOINCREMENT, "full_name" varchar(100) NOT NULL, "phone" varchar(15) NOT NULL, "email" varchar(254) NOT NULL, "subject" text NOT NULL, "is_read" bool NOT NULL, "admin_response" text NOT NULL, "created_at" datetime NOT NULL, "updated_at" datetime NOT NULL);
CREATE TABLE IF NOT EXISTS "lawfirm_qacategory" ("id" integer NOT NULL PRIMARY KEY AUTOINCREMENT, "name" varchar(100) NOT NULL, "slug" varchar(100) NOT NULL UNIQUE, "description" text NOT NULL, "created_at" datetime NOT NULL);
INSERT INTO lawfirm_qacategory VALUES(1,'سوالات و پاسخ‌ها','qa-general','سوالات و پاسخ‌های عمومی درباره موضوعات حقوقی','2025-12-01 20:58:19.117652');
INSERT INTO lawfirm_qacategory VALUES(2,'سوالات عمومی','general','سوالات و پاسخ‌های عمومی حقوقی','2025-12-01 21:48:31.091441');
CREATE TABLE IF NOT EXISTS "lawfirm_sitesettings" ("id" integer NOT NULL PRIMARY KEY AUTOINCREMENT, "site_title" varchar(200) NOT NULL, "site_description" text NOT NULL, "phone" varchar(15) NOT NULL, "email" varchar(254) NOT NULL, "address" text NOT NULL, "logo" varchar(100) NULL, "consultation_count" integer unsigned NOT NULL CHECK ("consultation_count" >= 0), "success_cases" integer unsigned NOT NULL CHECK ("success_cases" >= 0), "contracts_count" integer unsigned NOT NULL CHECK ("contracts_count" >= 0), "experience_years" integer unsigned NOT NULL CHECK ("experience_years" >= 0));
CREATE TABLE IF NOT EXISTS "lawfirm_testimonial" ("id" integer NOT NULL PRIMARY KEY AUTOINCREMENT, "name" varchar(100) NOT NULL, "title" varchar(100) NOT NULL, "content" text NOT NULL, "rating" integer unsigned NOT NULL CHECK ("rating" >= 0), "image" varchar(100) NULL, "is_published" bool NOT NULL, "created_at" datetime NOT NULL);
CREATE TABLE IF NOT EXISTS "lawfirm_consultationrequest" ("id" integer NOT NULL PRIMARY KEY AUTOINCREMENT, "full_name" varchar(100) NOT NULL, "phone" varchar(15) NOT NULL, "email" varchar(254) NOT NULL, "field" varchar(20) NOT NULL, "description" text NOT NULL, "preferred_date" datetime NULL, "status" varchar(20) NOT NULL, "admin_notes" text NOT NULL, "created_at" datetime NOT NULL, "updated_at" datetime NOT NULL, "consultation_type_id" bigint NOT NULL REFERENCES "lawfirm_consultationtype" ("id") DEFERRABLE INITIALLY DEFERRED);
CREATE TABLE IF NOT EXISTS "lawfirm_answer" ("id" integer NOT NULL PRIMARY KEY AUTOINCREMENT, "content" text NOT NULL, "answerer_name" varchar(100) NOT NULL, "answerer_title" varchar(100) NOT NULL, "votes" integer NOT NULL, "is_best_answer" bool NOT NULL, "is_published" bool NOT NULL, "created_at" datetime NOT NULL, "updated_at" datetime NOT NULL, "question_id" bigint NOT NULL REFERENCES "lawfirm_question" ("id") DEFERRABLE INITIALLY DEFERRED);
INSERT INTO lawfirm_answer VALUES(1,'شرکت بیمه‌ای که از پرداخت خسارت خودداری کرده است، دفاع کنید. وکیل شما می‌تواند به شما کمک کند تا حقوق خود را در دادگاه یا از طریق مذاکره با شرکت بیمه‌ای، پیگیری کنید.\r\n\r\nوکیل شما می‌تواند به شما کمک کند تا:\r\n\r\nمدارک و اسناد لازم را جمع‌آوری کنید\r\nشکایت خود را در دادگاه ثبت کنید\r\nدر جلسات دادگاه حضور پیدا کنید و از حقوق شما دفاع کنید\r\nبا شرکت بیمه‌ای مذاکره کنید تا به توافق برسید\r\nهمچنین، وکیل شما می‌تواند به شما کمک کند تا از حقوق خود در برابر شرکت بیمه‌ای آگاه شوید و از طریق قانونی، خسارت خود را دریافت کنید.','موسسه حقوقی دادگان','متخصص حقوق',0,0,1,'2025-12-01 20:58:19.199040','2025-12-01 20:58:19.199054',1);
INSERT INTO lawfirm_answer VALUES(2,'طبق قانون، مهریه به عنوان حق مالی زن شناخته می‌شود و به محض وقوع عقد نکاح به زن تعلق می‌گیرد. زن می‌تواند در هر زمانی پس از عقد درخواست مهریه کند.','موسسه حقوقی دادگان','متخصص حقوق',0,0,1,'2025-12-01 20:58:19.203850','2025-12-01 20:58:19.203861',2);
INSERT INTO lawfirm_answer VALUES(3,'برای اجرا گذاشتن سفته، ابتدا باید سفته را واخواست کنید. پس از واخواست، می‌توانید از طریق دادگاه درخواست اجراییه کنید.','موسسه حقوقی دادگان','متخصص حقوق',0,0,1,'2025-12-01 20:58:19.208353','2025-12-01 20:58:19.208362',3);
INSERT INTO lawfirm_answer VALUES(4,'برای ثبت شرکت، باید ابتدا نوع شرکت را مشخص کنید (سهامی خاص، مسئولیت محدود و غیره)، سپس از طریق سامانه ثبت شرکت‌ها مدارک مورد نیاز را تهیه و ارسال کنید.','موسسه حقوقی دادگان','متخصص حقوق',0,0,1,'2025-12-01 20:58:19.213417','2025-12-01 20:58:19.213429',4);
INSERT INTO lawfirm_answer VALUES(5,'اگر شوهر شما حاضر به طلاق نیست، شما می‌توانید با ارائه دلایلی مانند عسر و حرج (سختی در زندگی مشترک) یا عدم پرداخت نفقه، درخواست طلاق کنید. همچنین در صورت داشتن شروط ضمن عقد، می‌توانید از آن استفاده کنید.','موسسه حقوقی دادگان','متخصص حقوق',0,0,1,'2025-12-01 20:58:19.218254','2025-12-01 20:58:19.218266',5);
INSERT INTO lawfirm_answer VALUES(6,'شما می‌توانید با مراجعه به دادگاه خانواده و ارائه دادخواست، درخواست نفقه معوقه کنید. نفقه یک حق قانونی برای زن است و شوهر موظف به پرداخت آن است.','موسسه حقوقی دادگان','متخصص حقوق',0,0,1,'2025-12-01 20:58:19.222682','2025-12-01 20:58:19.222692',6);
INSERT INTO lawfirm_answer VALUES(7,'برای پیگیری چک برگشتی، ابتدا باید گواهی عدم پرداخت از بانک دریافت کنید و سپس با ارائه آن به دادگاه، دادخواست مطالبه وجه چک را مطرح کنید.','موسسه حقوقی دادگان','متخصص حقوق',0,0,1,'2025-12-01 20:58:19.227938','2025-12-01 20:58:19.227958',7);
INSERT INTO lawfirm_answer VALUES(8,'دیه مبلغی است که برای جبران خسارت جسمی یا جانی به فرد پرداخت می‌شود. میزان دیه بر اساس نوع جراحت یا فوت توسط پزشکی قانونی تعیین و به نرخ روز محاسبه می‌شود.','موسسه حقوقی دادگان','متخصص حقوق',0,0,1,'2025-12-01 20:58:19.232823','2025-12-01 20:58:19.232834',8);
INSERT INTO lawfirm_answer VALUES(9,'شما می‌توانید با مراجعه به شورای حل اختلاف درخواست تخلیه مستاجر را مطرح کنید. پس از صدور حکم تخلیه، اگر مستاجر همچنان اجاره را پرداخت نکند، حکم تخلیه اجرا می‌شود.','موسسه حقوقی دادگان','متخصص حقوق',0,0,1,'2025-12-01 20:58:19.237442','2025-12-01 20:58:19.237451',9);
INSERT INTO lawfirm_answer VALUES(10,'تقسیم ارث بر اساس قانون مدنی ایران انجام می‌شود. سهم هر وارث بر اساس نسبت خویشاوندی با متوفی و طبقه ارث مشخص می‌شود. ابتدا دیون و وصایای متوفی کسر می‌شود و سپس ارث میان ورثه تقسیم می‌گردد.','موسسه حقوقی دادگان','متخصص حقوق',0,0,1,'2025-12-01 20:58:19.242056','2025-12-01 20:58:19.242068',10);
INSERT INTO lawfirm_answer VALUES(11,'بله، شما می‌توانید به اداره کار مراجعه کرده و شکایت خود را ثبت کنید. اداره کار وظیفه دارد به مشکلات مربوط به عدم پرداخت حقوق رسیدگی کند و کارفرما را ملزم به پرداخت معوقات کند.','موسسه حقوقی دادگان','متخصص حقوق',0,0,1,'2025-12-01 20:58:19.247324','2025-12-01 20:58:19.247334',11);
INSERT INTO lawfirm_answer VALUES(12,'مهریه عندالمطالبه به این معناست که زن می‌تواند هر زمان که بخواهد بعد از عقد نکاح، مهریه خود را طلب کند و مرد موظف به پرداخت آن است.','موسسه حقوقی دادگان','متخصص حقوق',0,0,1,'2025-12-01 20:58:19.252278','2025-12-01 20:58:19.252289',12);
INSERT INTO lawfirm_answer VALUES(13,'گواهی عدم سازش سندی است که نشان می‌دهد تلاش برای سازش میان زن و شوهر به نتیجه نرسیده است. این گواهی توسط دادگاه صادر می‌شود و لازمه آغاز مراحل طلاق است.','موسسه حقوقی دادگان','متخصص حقوق',0,0,1,'2025-12-01 20:58:19.257058','2025-12-01 20:58:19.257069',13);
INSERT INTO lawfirm_answer VALUES(14,'در صورت جدایی، حضانت فرزند تا سن ۷ سالگی معمولاً با مادر است. بعد از این سن، حضانت با پدر خواهد بود مگر اینکه دادگاه به نفع مادر حکم دهد.','موسسه حقوقی دادگان','متخصص حقوق',0,0,1,'2025-12-01 20:58:19.262342','2025-12-01 20:58:19.262355',14);
INSERT INTO lawfirm_answer VALUES(15,'اجرت‌المثل به معنای دستمزدی است که زن به دلیل کارهایی که در خانه شوهر انجام داده، دریافت می‌کند. این حق در صورتی به زن تعلق می‌گیرد که درخواست طلاق از سوی مرد باشد و زن بدون دریافت مزد در منزل شوهر کار کرده باشد.','موسسه حقوقی دادگان','متخصص حقوق',0,0,1,'2025-12-01 20:58:19.267499','2025-12-01 20:58:19.267510',15);
INSERT INTO lawfirm_answer VALUES(16,'خیر، بدون داشتن کارت پایان خدمت یا معافیت از خدمت نظام وظیفه، معمولاً امکان دریافت گذرنامه وجود ندارد. شما باید ابتدا وضعیت خدمت نظام وظیفه خود را تعیین کنید.','موسسه حقوقی دادگان','متخصص حقوق',0,0,1,'2025-12-01 20:58:19.272327','2025-12-01 20:58:19.272339',16);
INSERT INTO lawfirm_answer VALUES(17,'اگر کارفرما برای شما حق بیمه پرداخت نکرده است، می‌توانید به شعبه تامین اجتماعی محل کار خود مراجعه کرده و شکایت کنید. سازمان تامین اجتماعی کارفرما را ملزم به پرداخت حق بیمه خواهد کرد.','موسسه حقوقی دادگان','متخصص حقوق',0,0,1,'2025-12-01 20:58:19.280201','2025-12-01 20:58:19.280213',17);
INSERT INTO lawfirm_answer VALUES(18,'برای شکایت از مزاحم تلفنی، باید به پلیس فتا یا دادسرای جرایم رایانه‌ای مراجعه کنید و شکایت خود را ثبت کنید. با پیگیری قانونی، شماره تلفن فرد مزاحم قابل شناسایی و پیگیری خواهد بود.','موسسه حقوقی دادگان','متخصص حقوق',0,0,1,'2025-12-01 20:58:19.285034','2025-12-01 20:58:19.285045',18);
INSERT INTO lawfirm_answer VALUES(19,'پناهندگی به معنای درخواست حمایت از یک کشور دیگر به دلیل ترس از آزار یا خطر در کشور مبدا است. برای گرفتن پناهندگی، باید به کشور مقصد درخواست دهید و دلایل قانع‌کننده برای پناهندگی ارائه کنید.','موسسه حقوقی دادگان','متخصص حقوق',0,0,1,'2025-12-01 20:58:19.289822','2025-12-01 20:58:19.289833',19);
INSERT INTO lawfirm_answer VALUES(20,'برای دریافت تابعیت ایران، باید حداقل ۵ سال در ایران اقامت داشته باشید و درخواست خود را به وزارت کشور ارائه کنید. همچنین باید شرایط لازم مانند داشتن شغل قانونی و عدم سوءپیشینه را نیز داشته باشید.','موسسه حقوقی دادگان','متخصص حقوق',0,0,1,'2025-12-01 20:58:19.295351','2025-12-01 20:58:19.295364',20);
INSERT INTO lawfirm_answer VALUES(21,'در صورت تصادف بدون بیمه، شما مسئول پرداخت تمامی خسارات به طرف مقابل خواهید بود. همچنین ممکن است جریمه نقدی و محرومیت‌های دیگری نیز به شما تحمیل شود.','موسسه حقوقی دادگان','متخصص حقوق',0,0,1,'2025-12-01 20:58:19.300256','2025-12-01 20:58:19.300266',21);
INSERT INTO lawfirm_answer VALUES(22,unistr('شرکت بیمه‌ای که از پرداخت خسارت خودداری کرده است، دفاع کنید. وکیل شما می‌تواند به شما کمک کند تا حقوق خود را در دادگاه یا از طریق مذاکره با شرکت بیمه‌ای، پیگیری کنید.\u000d\u000a\u000d\u000aوکیل شما می‌تواند به شما کمک کند تا:\u000d\u000a\u000d\u000aمدارک و اسناد لازم را جمع‌آوری کنید\u000d\u000aشکایت خود را در دادگاه ثبت کنید\u000d\u000aدر جلسات دادگاه حضور پیدا کنید و از حقوق شما دفاع کنید\u000d\u000aبا شرکت بیمه‌ای مذاکره کنید تا به توافق برسید\u000d\u000aهمچنین، وکیل شما می‌تواند به شما کمک کند تا از حقوق خود در برابر شرکت بیمه‌ای آگاه شوید و از طریق قانونی، خسارت خود را دریافت کنید.'),'موسسه حقوقی دادگان','مشاور حقوقی',0,1,1,'2025-12-01 21:48:31.205859','2025-12-01 21:48:31.205874',30);
INSERT INTO lawfirm_answer VALUES(23,'طبق قانون، مهریه به عنوان حق مالی زن شناخته می‌شود و به محض وقوع عقد نکاح به زن تعلق می‌گیرد. زن می‌تواند در هر زمانی پس از عقد درخواست مهریه کند.','موسسه حقوقی دادگان','مشاور حقوقی',0,1,1,'2025-12-01 21:48:31.216587','2025-12-01 21:48:31.216604',31);
INSERT INTO lawfirm_answer VALUES(24,'برای اجرا گذاشتن سفته، ابتدا باید سفته را واخواست کنید. پس از واخواست، می‌توانید از طریق دادگاه درخواست اجراییه کنید.','موسسه حقوقی دادگان','مشاور حقوقی',0,1,1,'2025-12-01 21:48:31.225092','2025-12-01 21:48:31.225108',32);
INSERT INTO lawfirm_answer VALUES(25,'برای ثبت شرکت، باید ابتدا نوع شرکت را مشخص کنید (سهامی خاص، مسئولیت محدود و غیره)، سپس از طریق سامانه ثبت شرکت‌ها مدارک مورد نیاز را تهیه و ارسال کنید.','موسسه حقوقی دادگان','مشاور حقوقی',0,1,1,'2025-12-01 21:48:31.235157','2025-12-01 21:48:31.235176',33);
INSERT INTO lawfirm_answer VALUES(26,'اگر شوهر شما حاضر به طلاق نیست، شما می‌توانید با ارائه دلایلی مانند عسر و حرج (سختی در زندگی مشترک) یا عدم پرداخت نفقه، درخواست طلاق کنید. همچنین در صورت داشتن شروط ضمن عقد، می‌توانید از آن استفاده کنید.','موسسه حقوقی دادگان','مشاور حقوقی',0,1,1,'2025-12-01 21:48:31.243214','2025-12-01 21:48:31.243237',34);
INSERT INTO lawfirm_answer VALUES(27,'شما می‌توانید با مراجعه به دادگاه خانواده و ارائه دادخواست، درخواست نفقه معوقه کنید. نفقه یک حق قانونی برای زن است و شوهر موظف به پرداخت آن است.','موسسه حقوقی دادگان','مشاور حقوقی',0,1,1,'2025-12-01 21:48:31.253259','2025-12-01 21:48:31.253278',35);
INSERT INTO lawfirm_answer VALUES(28,'برای پیگیری چک برگشتی، ابتدا باید گواهی عدم پرداخت از بانک دریافت کنید و سپس با ارائه آن به دادگاه، دادخواست مطالبه وجه چک را مطرح کنید.','موسسه حقوقی دادگان','مشاور حقوقی',0,1,1,'2025-12-01 21:48:31.263070','2025-12-01 21:48:31.263098',36);
INSERT INTO lawfirm_answer VALUES(29,'دیه مبلغی است که برای جبران خسارت جسمی یا جانی به فرد پرداخت می‌شود. میزان دیه بر اساس نوع جراحت یا فوت توسط پزشکی قانونی تعیین و به نرخ روز محاسبه می‌شود.','موسسه حقوقی دادگان','مشاور حقوقی',0,1,1,'2025-12-01 21:48:31.272304','2025-12-01 21:48:31.272321',37);
INSERT INTO lawfirm_answer VALUES(30,'شما می‌توانید با مراجعه به شورای حل اختلاف درخواست تخلیه مستاجر را مطرح کنید. پس از صدور حکم تخلیه، اگر مستاجر همچنان اجاره را پرداخت نکند، حکم تخلیه اجرا می‌شود.','موسسه حقوقی دادگان','مشاور حقوقی',0,1,1,'2025-12-01 21:48:31.283453','2025-12-01 21:48:31.283479',38);
INSERT INTO lawfirm_answer VALUES(31,'تقسیم ارث بر اساس قانون مدنی ایران انجام می‌شود. سهم هر وارث بر اساس نسبت خویشاوندی با متوفی و طبقه ارث مشخص می‌شود. ابتدا دیون و وصایای متوفی کسر می‌شود و سپس ارث میان ورثه تقسیم می‌گردد.','موسسه حقوقی دادگان','مشاور حقوقی',0,1,1,'2025-12-01 21:48:31.291504','2025-12-01 21:48:31.291522',39);
INSERT INTO lawfirm_answer VALUES(32,'بله، شما می‌توانید به اداره کار مراجعه کرده و شکایت خود را ثبت کنید. اداره کار وظیفه دارد به مشکلات مربوط به عدم پرداخت حقوق رسیدگی کند و کارفرما را ملزم به پرداخت معوقات کند.','موسسه حقوقی دادگان','مشاور حقوقی',0,1,1,'2025-12-01 21:48:31.301601','2025-12-01 21:48:31.301618',40);
INSERT INTO lawfirm_answer VALUES(33,'مهریه عندالمطالبه به این معناست که زن می‌تواند هر زمان که بخواهد بعد از عقد نکاح، مهریه خود را طلب کند و مرد موظف به پرداخت آن است.','موسسه حقوقی دادگان','مشاور حقوقی',0,1,1,'2025-12-01 21:48:31.310265','2025-12-01 21:48:31.310309',41);
INSERT INTO lawfirm_answer VALUES(34,'گواهی عدم سازش سندی است که نشان می‌دهد تلاش برای سازش میان زن و شوهر به نتیجه نرسیده است. این گواهی توسط دادگاه صادر می‌شود و لازمه آغاز مراحل طلاق است.','موسسه حقوقی دادگان','مشاور حقوقی',0,1,1,'2025-12-01 21:48:31.318813','2025-12-01 21:48:31.318832',42);
INSERT INTO lawfirm_answer VALUES(35,'در صورت جدایی، حضانت فرزند تا سن ۷ سالگی معمولاً با مادر است. بعد از این سن، حضانت با پدر خواهد بود مگر اینکه دادگاه به نفع مادر حکم دهد.','موسسه حقوقی دادگان','مشاور حقوقی',0,1,1,'2025-12-01 21:48:31.328612','2025-12-01 21:48:31.328637',43);
INSERT INTO lawfirm_answer VALUES(36,'اجرت‌المثل به معنای دستمزدی است که زن به دلیل کارهایی که در خانه شوهر انجام داده، دریافت می‌کند. این حق در صورتی به زن تعلق می‌گیرد که درخواست طلاق از سوی مرد باشد و زن بدون دریافت مزد در منزل شوهر کار کرده باشد.','موسسه حقوقی دادگان','مشاور حقوقی',0,1,1,'2025-12-01 21:48:31.336795','2025-12-01 21:48:31.336812',44);
INSERT INTO lawfirm_answer VALUES(37,'خیر، بدون داشتن کارت پایان خدمت یا معافیت از خدمت نظام وظیفه، معمولاً امکان دریافت گذرنامه وجود ندارد. شما باید ابتدا وضعیت خدمت نظام وظیفه خود را تعیین کنید.','موسسه حقوقی دادگان','مشاور حقوقی',0,1,1,'2025-12-01 21:48:31.346482','2025-12-01 21:48:31.346501',45);
INSERT INTO lawfirm_answer VALUES(38,'اگر کارفرما برای شما حق بیمه پرداخت نکرده است، می‌توانید به شعبه تامین اجتماعی محل کار خود مراجعه کرده و شکایت کنید. سازمان تامین اجتماعی کارفرما را ملزم به پرداخت حق بیمه خواهد کرد.','موسسه حقوقی دادگان','مشاور حقوقی',0,1,1,'2025-12-01 21:48:31.354645','2025-12-01 21:48:31.354661',46);
INSERT INTO lawfirm_answer VALUES(39,'برای شکایت از مزاحم تلفنی، باید به پلیس فتا یا دادسرای جرایم رایانه‌ای مراجعه کنید و شکایت خود را ثبت کنید. با پیگیری قانونی، شماره تلفن فرد مزاحم قابل شناسایی و پیگیری خواهد بود.','موسسه حقوقی دادگان','مشاور حقوقی',0,1,1,'2025-12-01 21:48:31.364342','2025-12-01 21:48:31.364360',47);
INSERT INTO lawfirm_answer VALUES(40,'پناهندگی به معنای درخواست حمایت از یک کشور دیگر به دلیل ترس از آزار یا خطر در کشور مبدا است. برای گرفتن پناهندگی، باید به کشور مقصد درخواست دهید و دلایل قانع‌کننده برای پناهندگی ارائه کنید.','موسسه حقوقی دادگان','مشاور حقوقی',0,1,1,'2025-12-01 21:48:31.372876','2025-12-01 21:48:31.372895',48);
INSERT INTO lawfirm_answer VALUES(41,'برای دریافت تابعیت ایران، باید حداقل ۵ سال در ایران اقامت داشته باشید و درخواست خود را به وزارت کشور ارائه کنید. همچنین باید شرایط لازم مانند داشتن شغل قانونی و عدم سوءپیشینه را نیز داشته باشید.','موسسه حقوقی دادگان','مشاور حقوقی',0,1,1,'2025-12-01 21:48:31.382199','2025-12-01 21:48:31.382220',49);
INSERT INTO lawfirm_answer VALUES(42,'در صورت تصادف بدون بیمه، شما مسئول پرداخت تمامی خسارات به طرف مقابل خواهید بود. همچنین ممکن است جریمه نقدی و محرومیت‌های دیگری نیز به شما تحمیل شود.','موسسه حقوقی دادگان','مشاور حقوقی',0,1,1,'2025-12-01 21:48:31.391195','2025-12-01 21:48:31.391221',50);
INSERT INTO lawfirm_answer VALUES(43,unistr('شرکت بیمه‌ای که از پرداخت خسارت خودداری کرده است، دفاع کنید. وکیل شما می‌تواند به شما کمک کند تا حقوق خود را در دادگاه یا از طریق مذاکره با شرکت بیمه‌ای، پیگیری کنید.\u000d\u000a\u000d\u000aوکیل شما می‌تواند به شما کمک کند تا:\u000d\u000a\u000d\u000aمدارک و اسناد لازم را جمع‌آوری کنید\u000d\u000aشکایت خود را در دادگاه ثبت کنید\u000d\u000aدر جلسات دادگاه حضور پیدا کنید و از حقوق شما دفاع کنید\u000d\u000aبا شرکت بیمه‌ای مذاکره کنید تا به توافق برسید\u000d\u000aهمچنین، وکیل شما می‌تواند به شما کمک کند تا از حقوق خود در برابر شرکت بیمه‌ای آگاه شوید و از طریق قانونی، خسارت خود را دریافت کنید.'),'موسسه حقوقی دادگان','مشاور حقوقی',0,1,1,'2025-12-01 21:54:19.794261','2025-12-01 21:54:19.794278',59);
INSERT INTO lawfirm_answer VALUES(44,'طبق قانون، مهریه به عنوان حق مالی زن شناخته می‌شود و به محض وقوع عقد نکاح به زن تعلق می‌گیرد. زن می‌تواند در هر زمانی پس از عقد درخواست مهریه کند.','موسسه حقوقی دادگان','مشاور حقوقی',0,1,1,'2025-12-01 21:54:19.804831','2025-12-01 21:54:19.804849',60);
INSERT INTO lawfirm_answer VALUES(45,'برای اجرا گذاشتن سفته، ابتدا باید سفته را واخواست کنید. پس از واخواست، می‌توانید از طریق دادگاه درخواست اجراییه کنید.','موسسه حقوقی دادگان','مشاور حقوقی',0,1,1,'2025-12-01 21:54:19.815201','2025-12-01 21:54:19.815223',61);
INSERT INTO lawfirm_answer VALUES(46,'برای ثبت شرکت، باید ابتدا نوع شرکت را مشخص کنید (سهامی خاص، مسئولیت محدود و غیره)، سپس از طریق سامانه ثبت شرکت‌ها مدارک مورد نیاز را تهیه و ارسال کنید.','موسسه حقوقی دادگان','مشاور حقوقی',0,1,1,'2025-12-01 21:54:19.824847','2025-12-01 21:54:19.824869',62);
INSERT INTO lawfirm_answer VALUES(47,'اگر شوهر شما حاضر به طلاق نیست، شما می‌توانید با ارائه دلایلی مانند عسر و حرج (سختی در زندگی مشترک) یا عدم پرداخت نفقه، درخواست طلاق کنید. همچنین در صورت داشتن شروط ضمن عقد، می‌توانید از آن استفاده کنید.','موسسه حقوقی دادگان','مشاور حقوقی',0,1,1,'2025-12-01 21:54:19.836212','2025-12-01 21:54:19.836231',63);
INSERT INTO lawfirm_answer VALUES(48,'شما می‌توانید با مراجعه به دادگاه خانواده و ارائه دادخواست، درخواست نفقه معوقه کنید. نفقه یک حق قانونی برای زن است و شوهر موظف به پرداخت آن است.','موسسه حقوقی دادگان','مشاور حقوقی',0,1,1,'2025-12-01 21:54:19.846988','2025-12-01 21:54:19.847011',64);
INSERT INTO lawfirm_answer VALUES(49,'برای پیگیری چک برگشتی، ابتدا باید گواهی عدم پرداخت از بانک دریافت کنید و سپس با ارائه آن به دادگاه، دادخواست مطالبه وجه چک را مطرح کنید.','موسسه حقوقی دادگان','مشاور حقوقی',0,1,1,'2025-12-01 21:54:19.857242','2025-12-01 21:54:19.857260',65);
INSERT INTO lawfirm_answer VALUES(50,'دیه مبلغی است که برای جبران خسارت جسمی یا جانی به فرد پرداخت می‌شود. میزان دیه بر اساس نوع جراحت یا فوت توسط پزشکی قانونی تعیین و به نرخ روز محاسبه می‌شود.','موسسه حقوقی دادگان','مشاور حقوقی',0,1,1,'2025-12-01 21:54:19.867874','2025-12-01 21:54:19.867902',66);
INSERT INTO lawfirm_answer VALUES(51,'شما می‌توانید با مراجعه به شورای حل اختلاف درخواست تخلیه مستاجر را مطرح کنید. پس از صدور حکم تخلیه، اگر مستاجر همچنان اجاره را پرداخت نکند، حکم تخلیه اجرا می‌شود.','موسسه حقوقی دادگان','مشاور حقوقی',0,1,1,'2025-12-01 21:54:19.877740','2025-12-01 21:54:19.877759',67);
INSERT INTO lawfirm_answer VALUES(52,'تقسیم ارث بر اساس قانون مدنی ایران انجام می‌شود. سهم هر وارث بر اساس نسبت خویشاوندی با متوفی و طبقه ارث مشخص می‌شود. ابتدا دیون و وصایای متوفی کسر می‌شود و سپس ارث میان ورثه تقسیم می‌گردد.','موسسه حقوقی دادگان','مشاور حقوقی',0,1,1,'2025-12-01 21:54:19.888541','2025-12-01 21:54:19.888568',68);
INSERT INTO lawfirm_answer VALUES(53,'بله، شما می‌توانید به اداره کار مراجعه کرده و شکایت خود را ثبت کنید. اداره کار وظیفه دارد به مشکلات مربوط به عدم پرداخت حقوق رسیدگی کند و کارفرما را ملزم به پرداخت معوقات کند.','موسسه حقوقی دادگان','مشاور حقوقی',0,1,1,'2025-12-01 21:54:19.902444','2025-12-01 21:54:19.902472',69);
INSERT INTO lawfirm_answer VALUES(54,'مهریه عندالمطالبه به این معناست که زن می‌تواند هر زمان که بخواهد بعد از عقد نکاح، مهریه خود را طلب کند و مرد موظف به پرداخت آن است.','موسسه حقوقی دادگان','مشاور حقوقی',0,1,1,'2025-12-01 21:54:19.914887','2025-12-01 21:54:19.914918',70);
INSERT INTO lawfirm_answer VALUES(55,'گواهی عدم سازش سندی است که نشان می‌دهد تلاش برای سازش میان زن و شوهر به نتیجه نرسیده است. این گواهی توسط دادگاه صادر می‌شود و لازمه آغاز مراحل طلاق است.','موسسه حقوقی دادگان','مشاور حقوقی',0,1,1,'2025-12-01 21:54:19.924604','2025-12-01 21:54:19.924624',71);
INSERT INTO lawfirm_answer VALUES(56,'در صورت جدایی، حضانت فرزند تا سن ۷ سالگی معمولاً با مادر است. بعد از این سن، حضانت با پدر خواهد بود مگر اینکه دادگاه به نفع مادر حکم دهد.','موسسه حقوقی دادگان','مشاور حقوقی',0,1,1,'2025-12-01 21:54:19.933914','2025-12-01 21:54:19.933935',72);
INSERT INTO lawfirm_answer VALUES(57,'اجرت‌المثل به معنای دستمزدی است که زن به دلیل کارهایی که در خانه شوهر انجام داده، دریافت می‌کند. این حق در صورتی به زن تعلق می‌گیرد که درخواست طلاق از سوی مرد باشد و زن بدون دریافت مزد در منزل شوهر کار کرده باشد.','موسسه حقوقی دادگان','مشاور حقوقی',0,1,1,'2025-12-01 21:54:19.944185','2025-12-01 21:54:19.944210',73);
INSERT INTO lawfirm_answer VALUES(58,'خیر، بدون داشتن کارت پایان خدمت یا معافیت از خدمت نظام وظیفه، معمولاً امکان دریافت گذرنامه وجود ندارد. شما باید ابتدا وضعیت خدمت نظام وظیفه خود را تعیین کنید.','موسسه حقوقی دادگان','مشاور حقوقی',0,1,1,'2025-12-01 21:54:19.954422','2025-12-01 21:54:19.954441',74);
INSERT INTO lawfirm_answer VALUES(59,'اگر کارفرما برای شما حق بیمه پرداخت نکرده است، می‌توانید به شعبه تامین اجتماعی محل کار خود مراجعه کرده و شکایت کنید. سازمان تامین اجتماعی کارفرما را ملزم به پرداخت حق بیمه خواهد کرد.','موسسه حقوقی دادگان','مشاور حقوقی',0,1,1,'2025-12-01 21:54:19.964695','2025-12-01 21:54:19.964731',75);
INSERT INTO lawfirm_answer VALUES(60,'برای شکایت از مزاحم تلفنی، باید به پلیس فتا یا دادسرای جرایم رایانه‌ای مراجعه کنید و شکایت خود را ثبت کنید. با پیگیری قانونی، شماره تلفن فرد مزاحم قابل شناسایی و پیگیری خواهد بود.','موسسه حقوقی دادگان','مشاور حقوقی',0,1,1,'2025-12-01 21:54:19.973297','2025-12-01 21:54:19.973317',76);
INSERT INTO lawfirm_answer VALUES(61,'پناهندگی به معنای درخواست حمایت از یک کشور دیگر به دلیل ترس از آزار یا خطر در کشور مبدا است. برای گرفتن پناهندگی، باید به کشور مقصد درخواست دهید و دلایل قانع‌کننده برای پناهندگی ارائه کنید.','موسسه حقوقی دادگان','مشاور حقوقی',0,1,1,'2025-12-01 21:54:19.982432','2025-12-01 21:54:19.982454',77);
INSERT INTO lawfirm_answer VALUES(62,'برای دریافت تابعیت ایران، باید حداقل ۵ سال در ایران اقامت داشته باشید و درخواست خود را به وزارت کشور ارائه کنید. همچنین باید شرایط لازم مانند داشتن شغل قانونی و عدم سوءپیشینه را نیز داشته باشید.','موسسه حقوقی دادگان','مشاور حقوقی',0,1,1,'2025-12-01 21:54:19.990783','2025-12-01 21:54:19.990801',78);
INSERT INTO lawfirm_answer VALUES(63,'در صورت تصادف بدون بیمه، شما مسئول پرداخت تمامی خسارات به طرف مقابل خواهید بود. همچنین ممکن است جریمه نقدی و محرومیت‌های دیگری نیز به شما تحمیل شود.','موسسه حقوقی دادگان','مشاور حقوقی',0,1,1,'2025-12-01 21:54:19.999832','2025-12-01 21:54:19.999851',79);
CREATE TABLE IF NOT EXISTS "django_session" ("session_key" varchar(40) NOT NULL PRIMARY KEY, "session_data" text NOT NULL, "expire_date" datetime NOT NULL);
CREATE TABLE IF NOT EXISTS "lawfirm_blogpost" ("id" integer NOT NULL PRIMARY KEY AUTOINCREMENT, "title" varchar(200) NOT NULL, "slug" varchar(200) NOT NULL UNIQUE, "excerpt" text NOT NULL, "content" text NOT NULL, "image" varchar(100) NULL, "published" bool NOT NULL, "featured" bool NOT NULL, "views" integer unsigned NOT NULL CHECK ("views" >= 0), "created_at" datetime NOT NULL, "updated_at" datetime NOT NULL, "author_id" integer NOT NULL REFERENCES "auth_user" ("id") DEFERRABLE INITIALLY DEFERRED, "category_id" bigint NOT NULL REFERENCES "lawfirm_category" ("id") DEFERRABLE INITIALLY DEFERRED, "seo_description" varchar(160) NOT NULL, "seo_keywords" varchar(255) NOT NULL, "seo_title" varchar(60) NOT NULL);
INSERT INTO lawfirm_blogpost VALUES(1,'مشاوره حقوقی آنلاین برای مسائل خانوادگی','مشاوره-حقوقی-آنلاین-برای-مسائل-خانوادگی',unistr('موسسه حقوقی ما با تجربه بیش از ۲۰ سال در زمینه مسائل خانوادگی، به شما کمک می‌کند.\u000a\u000aمسائلی مثل:\u000a• طلاق و تقسیم اموال\u000a• حضانت فرزندان\u000a• نفقه و نفقه دائمی\u000a• فسخ عقد ازدواج\u000a\u000aتیم متخصص ما آماده است تا بهترین راهکار را برای شرایط خاص شما پیدا کند.\u000a\u000aتماس بگیرید برای یک جلسه مشاوره رایگان امروز!'),unistr('موسسه حقوقی ما با تجربه بیش از ۲۰ سال در زمینه مسائل خانوادگی، به شما کمک می‌کند.\u000a\u000aمسائلی مثل:\u000a• طلاق و تقسیم اموال\u000a• حضانت فرزندان\u000a• نفقه و نفقه دائمی\u000a• فسخ عقد ازدواج\u000a\u000aتیم متخصص ما آماده است تا بهترین راهکار را برای شرایط خاص شما پیدا کند.\u000a\u000aتماس بگیرید برای یک جلسه مشاوره رایگان امروز!'),'',1,1,1,'2025-12-01 21:18:56.040484','2025-12-01 21:18:56.040507',1,1,'مشاوره حقوقی تخصصی در مسائل خانوادگی، طلاق و حضانت از بهترین وکلای خانوادگی','مشاوره حقوقی، وکیل خانوادگی، طلاق، حضانت فرزندان','مشاوره حقوقی آنلاین مسائل خانوادگی | موسسه حقوقی دادگان');
INSERT INTO lawfirm_blogpost VALUES(2,'حقوق کار و بیمه اجتماعی','حقوق-کار-و-بیمه-اجتماعی',unistr('شرکت های بزرگ و کارفرمایان باید از حقوق کارگران محافظت کنند.\u000a\u000aما در زمینه‌های زیر کمک می‌کنیم:\u000a• قرارداد کار\u000a• غرامت و جبران خسارت\u000a• بیمه اجتماعی\u000a• اخراج غیرقانونی\u000a• مسائل حقوقی کارگاه و کارخانه\u000a\u000aتیم وکلای کار ما از حقوق کارگران و کارفرمایان دفاع می‌کند.'),unistr('شرکت های بزرگ و کارفرمایان باید از حقوق کارگران محافظت کنند.\u000a\u000aما در زمینه‌های زیر کمک می‌کنیم:\u000a• قرارداد کار\u000a• غرامت و جبران خسارت\u000a• بیمه اجتماعی\u000a• اخراج غیرقانونی\u000a• مسائل حقوقی کارگاه و کارخانه\u000a\u000aتیم وکلای کار ما از حقوق کارگران و کارفرمایان دفاع می‌کند.'),'',1,1,0,'2025-12-01 21:18:56.047294','2025-12-01 21:18:56.047306',1,2,'خدمات حقوقی کار، قرارداد کار، غرامت و مسائل بیمه اجتماعی','حقوق کار، وکیل کار، قرارداد کار، بیمه اجتماعی','وکیل حقوق کار و بیمه اجتماعی | موسسه حقوقی دادگان');
INSERT INTO lawfirm_blogpost VALUES(3,'حقوق تجاری و ثبت شرکت','حقوق-تجاری-و-ثبت-شرکت',unistr('آغاز یک کسب و کار جدید نیازمند مشاوره حقوقی است.\u000a\u000aخدمات تجاری ما شامل:\u000a• ثبت شرکت\u000a• قراردادهای تجاری\u000a• مسائل شراکت\u000a• بدهی و دیون تجاری\u000a• حل اختلافات تجاری\u000a\u000aمتخصصین ما با تجربه در حوزه حقوق تجاری و بازرگانی، راهنمایی مناسبی انجام می‌دهند.'),unistr('آغاز یک کسب و کار جدید نیازمند مشاوره حقوقی است.\u000a\u000aخدمات تجاری ما شامل:\u000a• ثبت شرکت\u000a• قراردادهای تجاری\u000a• مسائل شراکت\u000a• بدهی و دیون تجاری\u000a• حل اختلافات تجاری\u000a\u000aمتخصصین ما با تجربه در حوزه حقوق تجاری و بازرگانی، راهنمایی مناسبی انجام می‌دهند.'),'',1,1,0,'2025-12-01 21:18:56.053034','2025-12-01 21:18:56.053046',1,3,'خدمات حقوقی تجاری، ثبت شرکت، قرارداد تجاری و حل اختلافات','حقوق تجاری، ثبت شرکت، قرارداد تجاری، حقوق بازرگانی','وکیل حقوق تجاری و ثبت شرکت | موسسه حقوقی دادگان');
INSERT INTO lawfirm_blogpost VALUES(4,'مسائل ملکی و معاملات رسمی','مسائل-ملکی-و-معاملات-رسمی',unistr('خریدوفروش ملک و معاملات رسمی نیازمند تحقیق حقوقی دقیق است.\u000a\u000aما در موارد زیر خدمت می‌دهیم:\u000a• خریدوفروش ملک\u000a• اجاره و استیجار\u000a• رهن و وام ملکی\u000a• تقسیم ارث\u000a• معاملات رسمی\u000a\u000aوکلای ملکی ما از حقوق شما در تمام مراحل معاملات حفاظت می‌کنند.'),unistr('خریدوفروش ملک و معاملات رسمی نیازمند تحقیق حقوقی دقیق است.\u000a\u000aما در موارد زیر خدمت می‌دهیم:\u000a• خریدوفروش ملک\u000a• اجاره و استیجار\u000a• رهن و وام ملکی\u000a• تقسیم ارث\u000a• معاملات رسمی\u000a\u000aوکلای ملکی ما از حقوق شما در تمام مراحل معاملات حفاظت می‌کنند.'),'',1,0,0,'2025-12-01 21:18:56.059881','2025-12-01 21:18:56.059895',1,4,'خدمات حقوقی ملکی، خریدوفروش ملک و معاملات رسمی','وکیل ملکی، خریدوفروش ملک، معاملات رسمی، رهن','وکیل ملکی و معاملات رسمی | موسسه حقوقی دادگان');
INSERT INTO lawfirm_blogpost VALUES(5,'دفاع در دعاوی مدنی و کیفری','دفاع-در-دعاوی-مدنی-و-کیفری',unistr('اگر با دعوای مدنی یا کیفری روبه‌رو هستید، نیاز به دفاع قوی دارید.\u000a\u000aتجربه ما در:\u000a• دفاع مجرمانه\u000a• دعاوی مدنی\u000a• دعاوی خصوصی\u000a• شکایات و تظلمات\u000a• دفاع در دادگاه‌های مختلف\u000a\u000aتیم وکلای ما با تجربه گسترده در دفاع، حقوق شما را در دادگاه‌های مختلف حفاظت می‌کند.'),unistr('اگر با دعوای مدنی یا کیفری روبه‌رو هستید، نیاز به دفاع قوی دارید.\u000a\u000aتجربه ما در:\u000a• دفاع مجرمانه\u000a• دعاوی مدنی\u000a• دعاوی خصوصی\u000a• شکایات و تظلمات\u000a• دفاع در دادگاه‌های مختلف\u000a\u000aتیم وکلای ما با تجربه گسترده در دفاع، حقوق شما را در دادگاه‌های مختلف حفاظت می‌کند.'),'',1,0,0,'2025-12-01 21:18:56.065791','2025-12-01 21:18:56.065808',1,5,'خدمات حقوقی دفاع در دعاوی مدنی و کیفری، وکیل دادگاه','وکیل دفاع، دعوای مدنی، دعوای کیفری, وکیل دادگاه','وکیل دفاع مدنی و کیفری | موسسه حقوقی دادگان');
INSERT INTO lawfirm_blogpost VALUES(6,'مشاوره حقوقی برای افراد و خانواده‌ها','مشاوره-حقوقی-برای-افراد-و-خانوادهها',unistr('هر فردی می‌تواند با مسائل حقوقی مختلفی روبه‌رو شود.\u000a\u000aموسسه حقوقی ما برای:\u000a• افراد عادی\u000a• خانواده‌ها\u000a• کارگران\u000a• کارآفرینان\u000a\u000aمشاوره حقوقی جامع و متخصص ارائه می‌دهد.\u000a\u000aما معتقدیم که هر کسی حق دسترسی به مشاوره حقوقی کیفی را دارد.'),unistr('هر فردی می‌تواند با مسائل حقوقی مختلفی روبه‌رو شود.\u000a\u000aموسسه حقوقی ما برای:\u000a• افراد عادی\u000a• خانواده‌ها\u000a• کارگران\u000a• کارآفرینان\u000a\u000aمشاوره حقوقی جامع و متخصص ارائه می‌دهد.\u000a\u000aما معتقدیم که هر کسی حق دسترسی به مشاوره حقوقی کیفی را دارد.'),'',1,0,1,'2025-12-01 21:18:56.071752','2025-12-01 21:18:56.071779',1,6,'مشاوره حقوقی عمومی برای افراد، خانواده‌ها و کارآفرینان','مشاوره حقوقی عمومی، وکیل حقوق عمومی، مشاوره حقوقی رایگان','مشاوره حقوقی برای افراد و خانواده‌ها | موسسه حقوقی دادگان');
INSERT INTO lawfirm_blogpost VALUES(12,'مشاوره حقوقی توسط وکیل و قاضی بازنشسته','مشاوره-حقوقی-توسط-وکیل-و-قاضی-بازنشسته','به دلیل اینکه اثبات ادعا، نیاز به مهارت وکیل پایه یک دادگستری و اطمینان موکل به مشاور حقوقی دارد، تمامی رازها و مدارک باید از طرف موکل به وکیل داده شود تا با توجه به امانت داری وکیل و مشاور حقوقی ، نتیجه مورد نظر حاصل شود.',unistr('پرونده‌های حقوقی اکثراً ماهیتی پیچیده‌ دارند که همانند موارد دیگر، برای حل و فصل نیاز به یک متخصص در موارد حقوقی دارد. یک پرونده حقوقی درخصوص ملک نیز ممکن است به دلیل انتخاب روشی غلط برای رسیدن به نتیجه از سوی طرفین پرونده یا هر دلیل دیگری چند سال طول بکشد. گفتنی است که برای هر کسی ممکن است مشکلی حقوقی پیش بیاید که برای رفع آن نیاز به وکیل احساس می شود که این فرد در استخدام موکل در می آید تا مشکلات حقوقی وی را به عنوان یک مشاور حقوقی برطرف کند.\u000d\u000a\u000d\u000aاگر شما قصد انعقاد قرارداد با وکیل یا مشاور حقوقی را دارید، توجه داشته باشید که قبل از مراجعه به دفتر وکالت، باید اطلاعات کافی در مورد وکیل، وکالت، وکیل یا مشاور حقوقی ، چه موضوعاتی را باید به او انتقال دهید تا بتوانید به بهترین نحو از خدمات حقوقی یک وکیل، بهره ببرید. برای انتخاب وکیل و مشاور حقوقی ، با توجه به حساسیت موضوع، باید با چشم باز انتخاب صورت گیرد تا حقوق موکل توسط وکیل محقق شود، که در ادامه مطلب، برخی نکات مهم را که یک موکل حرفه ای باید آنها را مد نظر داشته باشد مطالعه خواهید کرد.\u000d\u000a<h2>نکات مهم قبل از مراجعه به وکیل یا مشاور حقوقی</h2>\u000d\u000aبه دلیل اینکه اثبات ادعا، نیاز به مهارت وکیل پایه یک دادگستری و اطمینان موکل به <a href="http://dadgan.com">مشاور حقوقی</a> دارد، تمامی رازها و مدارک باید از طرف موکل به وکیل داده شود تا با توجه به امانت داری وکیل و مشاور حقوقی ، نتیجه مورد نظر حاصل شود.\u000d\u000a\u000d\u000aشغل وکالت، یکی از حساس ترین مشاغلی که در رابطه با زندگی افراد است که دفاع از جان، مال و ناموس مردم را هدف خود در نظر می گیرد.این شغل به وکیل یا مشاور حقوقی سپرده می شود. در عقد قرارداد با یک وکیل دادگستری، باید با دقت فراوان عمل کرد. در این میان، توجه به برخی نکات مهم و اساسی در همان ابتدای کار قرارداد، می تواند از ضایع شدن حق موکل جلوگیری کند و در نهایت بهترین دفاع از حقوق وی را ضمانت کند.\u000d\u000a\u000d\u000aبه جای تمرکز و دقت بر روی سن و جنسیت وکیل، بهتر است در مورد توانائی های او در انجام موضوع پرونده تمرکز شود. اینکه گاهی شنیده می شود وکلای سالخورده باتجربه تر هستند یا وکلای جوان پیگیرتر از مسن ها هستند و یا اینکه خانم ها دلسوزتر از آقایان هستند یا آقایان شجاعت بیشتری در مواجهه با محاکم دارند، همه و همه نسبی است و عکس همه آنها نیز صادق است. پس بهتر است به جای تمرکز بر روی این موارد بر روی خصوصیاتی همچون حسن شهرت ، امانت داری و توانائی های علمی وکیل در حل مشکل تان، تمرکز شود.\u000d\u000a\u000d\u000aمهم ترین و ابتدایی ترین مورد، انتخاب وکیلی است که قرار است از حقوق فرد دفاع کند. وکیل برای محقق شدن این مورد می تواند از تجربه های اطرافیان و آنانی که سابقه استخدام وکیل دارند استفاده کند.همچنین موکل باید مطمئن شود که فرد موردنظر دارای پروانه معتبر وکالت در دادگستری است.\u000d\u000a\u000d\u000aالبته در پرونده هایی مشاهده شده است که افرادی با سوءاستفاده از ناآگاهی مردم، خود را وکیل پایه یک دادگستری معرفی کرده و مبالغ هنگفتی را به عنوان حق الوکاله از آنان اخذ کرده اند. این در حالی است که او هیچ مجوزی برای وکالت در دادگاه و دادسرا نداشته و با وعده های پوچ و بی اساس از جمله وجود آشنایی با برخی افراد ذی نفوذ، اقدام به اخاذی و به اصطلاح کار چاق کنی کرده اند. به همین دلیل، موکل باید پس از اطمینان معتبر بودن پروانه وکالت و بررسی شخصیت و صلاحیت و مهارت های وکیل مورد نظر اقدام به بستن قرارداد با وی کند.'),'',1,1,0,'2025-12-01 21:52:42.958209','2025-12-01 21:58:58.582710',1,7,'به دلیل اینکه اثبات ادعا، نیاز به مهارت وکیل پایه یک دادگستری و اطمینان موکل به مشاور حقوقی دارد، تمامی رازها و مدارک باید از طرف موکل به وکیل داده شود تا با تو','موسسه حقوقی, مشاوره حقوقی, وکیل, دادگان','مشاوره حقوقی توسط وکیل و قاضی بازنشسته');
INSERT INTO lawfirm_blogpost VALUES(13,'وکیل پایه یک دادگستری','وکیل-پایه-یک-دادگستری','بعد از تایید توانایی وکیل پایه یک دادگستری ، نوبت به انعقاد قرارداد با وی می رسد؛ به طور معمول میزان حق الوکاله یا هزینه وکالت که به وکیل داده می شود، مهم ترین قسمت قرارداد وکالت خواهد بود. البته تحوه تعیین آن هم از اهمیت زیادی برخوردار است که باید مورد توجه قرار گیرد. برابر آیین نامه تعرفه حق الوکا',unistr('<h3>قرارداد با وکیل پایه یک دادگستری</h3>\u000d\u000aبعد از تایید توانایی وکیل پایه یک دادگستری ، نوبت به انعقاد قرارداد با وی می رسد؛ به طور معمول میزان حق الوکاله یا هزینه وکالت که به وکیل داده می شود، مهم ترین قسمت قرارداد وکالت خواهد بود. البته تحوه تعیین آن هم از اهمیت زیادی برخوردار است که باید مورد توجه قرار گیرد. برابر آیین نامه تعرفه حق الوکاله مصوب در سال 1385، آنچه که در این خصوص ملاک عمل خواهد بود توافقی است که بین وکیل و موکل صورت می گیرد. به این ترتیب، این توافق می تواند بیشتر، کمتر یا برابر تعرفه ای باشد که در این آیین نامه پیش بینی شده است. برابر تعرفه در دعاوی مالی، میزان حق الوکاله در موردی که حکم دادگاه بدوی از حیث بهای خواسته قطعی است از حداقل 150000 ریال و 10 درصد بهای خواسته و حداکثر تا 300هزار ریال است و در موردی که حکم از حیث بهای خواسته قطعی نیست به ترتیب ذیل تعیین می شود:\u000d\u000a<ul>\u000d\u000a \u0009<li>تا مبلغ 100 میلیون ریال 6 درصد از بهای خواسته و حداکثر 6 میلیون ریال.</li>\u000d\u000a \u0009<li>نسبت به مازاد 100 میلیون ریال تا یک میلیارد ریال 4 درصد بهای خواسته و حداکثر تا مبلغ 42 میلیون ریال.</li>\u000d\u000a \u0009<li>نسبت به مازاد یک میلیارد ریال تا 5 میلیارد ریال 3 درصد از بهای خواسته و حداکثر تا مبلغ 162 میلیون ریال.</li>\u000d\u000a \u0009<li>نسبت به مازاد پنج میلیارد ریال 2 درصد از بهای خواسته و حداکثر تا مبلغ 200 میلیون ریال.</li>\u000d\u000a</ul>\u000d\u000aبهتر است مورد وکالت و موضوع پرونده در قرارداد وکالت ذکر و در برگه وکالت نامه اختیاراتی به وکیل اعطا شود و ذکر شود که موکل راضی به اعطای اختیارات فوق است. یک وکیل خوب قبل از هر چیز باید بتواند یک قاضی خوب باشد با این توضیح که اگر در محکمه وجدان خویش با بررسی اسناد و اوضاع و احوال موجود و سایر موارد، موکل خود را محق تشخیص داد، به دفاع از موکل خود بپردازد.\u000d\u000a\u000d\u000aالبته باید توجه داشت وکیلی که از نظر اخلاقی تمام محاسن را دارا باشد اما فاقد تخصص و علم کافی باشد، نمی تواند به نحو مقتضی از حقوق موکل خود در دادگاه دفاع کند. بنابراین وکیلی را می توان مورد تایید قرارداد که هم از نظر سلامت اخلاقی مورد وثوق باشد و هم تخصص کافی در اموری که به وی سپرده می شود را به دست آورده باشد.\u000d\u000a\u000d\u000aموکل باید آدرس محل سکونت طرف دعوی را به وکیل اعلام و تاکید کند که مسئولیت عواقب ناشی از شناسایی نشدن طرف شکایت را وکیل باید به اطلاع موکل برساند بعد از این توضیحات است که، موکل می تواند قرارداد وکالت را امضا کند.\u000d\u000a\u000d\u000aمورد بعدی میزان حق الوکاله است و باید در نظر گرفت که چه درصدی از هزینه حق الوکاله در ابتدا به عنوان مرحله نخست، چه مقدار در مرحله تجدیدنظر و چه مقدار در مرحله فرجام خواهی پرداخت می شود. همچنین این مورد در قرارداد باید قید شود که این حق الوکاله مربوط به دفاع از حقوق موکل، زیر عنوان موضوع قرارداد است و چنانچه در جریان رسیدگی، دعوای دیگری علیه موکل طرح یا ورود ثالث و دعوای تقابلی طرح شود چه از طرف وکیل یا طرف دعوی یا شخص ثالث دفاع از این دعاوی یا طرح دعاوی مورد بحث، نیاز به انعقاد قرارداد جدید خواهد داشت. این را نیز باید در نظر بگیرد که اگر وکیل طرح دعوی جدید را ضروری بداند نیز این موضوع منجر به انعقاد قرارداد جدید می شود، حتی اگر وکالت نامه کلی تنظیم شده باشد.\u000d\u000a\u000d\u000aدر صورت عدم توانایی در پرداخت حق الوکاله بهتر است در پرونده های حقوقی با معرفی کانون وکلای دادگستری می توان از داشتن وکیل معاضدتی بهره برد. همچنین در برخی از پرونده های کیفری و به تشخیص دادگاه در موضوعات خاص، برای متهم وکیل تسخیری تعیین می گردد\u000d\u000a<h3>تعهدات موکل در برابر وکیل</h3>\u000d\u000aموکل باید هر زمان که وکیل یا دادگاه لازم بداند، اصل اسناد را در قبال گرفتن رسید، در اختیار وکیل قرار دهد ادامه می دهد، پرداخت تمام هزینه های دادگستری از قبیل هزینه دادخواست، هزینه اوراق، ایاب و ذهاب و حق الزحمه کارشناسی به عهده موکل است. اگر موکل، این هزینه ها را به موقع پرداخت نکند و خسارتی متوجه موکل شود، موکل شخصا مسئول این خسارت ها خواهد بود و وکیل پایه یک دادگستری مسئولیتی در مورد خسارات پیش آمده نخواهد داشت.\u000d\u000a\u000d\u000aوکیل پایه یک دادگستری شرح داده شودو در صورتیکه توانایی پرداخت حق الوکاله را وجود نداشته باشد تمهیدات دیگری اندیشیده شود. متاسفانه برخی از مراجعین به دفاتر وکالت به تصور پایین آوردن درصد حق الوکاله، رقم خواسته را پایین تر از رقم واقعی آن معرفی می کنند؛ که این مساله باعث سلب اعتماد وکیل از موکل شده و بعضاً تبعات آن نیز دامنگیر موکل می گردد.\u000d\u000a\u000d\u000aنکته دیگری که باید یه آن توجه شود این است که در صورت پرداخت حق الوکاله و با انجام نخستین اقدام وکالتی از سوی وکیل، موکل نمی تواند با فسخ قرارداد حق الوکاله خود را طلب کند. ساعت کار دفاتر وکالت معمولا محدود می باشد. بنابراین در هر بار مراجعه فرصت را مغتنم شمرده و باید مشکل حقوقی یا کیفری را به طور کامل بازگو شود. همچنین می بایست تمامی اطلاعات راجع به موضوع را به وکیل یا مشاور حقوقی انتقال داده شود.\u000d\u000a<h2>وکیل، قدرت فراقانونی ندارد</h2>\u000d\u000aهمیشه موکل باید توجیه باشد که وکیل، قدرت فراقانونی مثل آشنایی با مقام ها و کادر قضایی ندارد و تنها در حدود تجربه و تخصص خود با استفاده از راه های قانونی می تواند از موکل خود دفاع کند. معرفی شهود، مطلعان و حاضر کردن آنان در دادگاه و دادسرا و تهیه وسیله اجرای قرارها و کارهای از این قبیل، به عهده موکل است. هرگز نباید از وکیل انتظار انجام امور غیر قانونی را داشت. افرادی که سعی دارند مشکل حقوقی خود را از طرق غیر قانونی و ایجاد ارتباط، حل و فصل کنند بهتر است از همان ابتدا از مراجعه به دفتر وکالت خودداری کنند. مراجعه به دفتر وکالت، نشان می دهدکه موکل قصد دارد مشکل حقوقی خود را از طرق قانونی و صحیح آن پیگیری کند. موکل متعهد است که کارهای اداری مربوط به خارج از دادگستری را شخصا باید انجام دهد، از دیگر مواردی که موکل باید انجام دهد اقرار به این است که اسناد خود را به رویت کامل وکیل پایه یک دادگستری رسانده است و صحت آنها را تایید می کند. موکل به وکیل اختیاراتی تفویض می کند که یکی از آنها این است که در صورت لزوم برای انجام مورد وکالتی، وکیل می تواند وکالت را به غیر تفویض کند، همچنین می تواند مورد وکالت مورد وکالت را همراه وکیل دیگری منفرداً انجام دهد.\u000d\u000a<h3>نتیجه دادگاه اهمیتی بر هزینه پرداختی به وکیل ندارد</h3>\u000d\u000aافرادی که اقدام به استخدام وکیل پایه یک دادگستری می کنند باید این نکته را در نظر داشته باشند که بر اساس متن آیین نامه تعرفه حق الوکاله مصوب قوه قضائیه، تعهد وکیل تعهد به نتیجه نیست، بنابراین چنانچه موضوع وکالت، جزئاً یا کلاً، به نفع موکل خاتمه نیابد در حق الوکاله تاثیری ندارد. همچنین در صورتی که برای موکل قرار تامین صادر شود، این قرار، منوط به تودیع خساراتی است که از سوی مقام رسیدگی کننده تعیین می شود و وکیل در میزان و نوع این خسارت دخالتی ندارد.\u000d\u000a<h3>تجدید نظر خواهی</h3>\u000d\u000aموکل باید در نظر داشته باشد که که با وجود درج اختیار تجدید نظرخواهی در وکالت نامه، انجام تجدید نظر خواهی وکیل وابسته به پرداخت هزینه ها و حق الوکاله مرحله تجدید نظر خواهی وکیل وابسته به پرداخت هزینه ها و حق الوکاله مرحله تجدید نظر و تسلیم مدارک به وکیل است. تغییر نشانی، حداکثر در مدت زمان 48 ساعت، نشانی جدید را به صورت کتبی به وکیل خود اعلام کند. ضمن آنکه این قرارداد در چند ماده و تبصره در دو نسخه با اعتبار واحد تنظیم شده است و یک نسخه آن در اختیار موکل قرار می گیرد و موکل نیز اقرار می کند که این قرارداد را مطالعه و سپس مبادرت به امضای آن کرده است.\u000d\u000a<h4>پیگیری تخلفات وکیل</h4>\u000d\u000aدر صورتی که نسبت به خدمات وکیل اعتراضی وجود داشته باشد باید برای پیگیری آن به کجا مراجعه شود؟ اصولا هر صنفي و تشكيلاتي داراي نظامنامه‌اي است كه اعضاي آن مطابق قوانين و مقررات در حوزه حرفه‌اي خود فعاليت مي‌كنند؛ حرفه وكالت نيز مانند ساير مشاغل از اين امر مستثني نيست. از نظر حرفه‌اي اگر وكيلي در چارچوب رفتار و عملكرد سازماني خود، مرتكب تخلفي شود، مرجع رسيدگي به اين شكايات و اعتراضات، دادسراي كانون وكلاي دادگستري مستقر در كانون وكلاست و اشخاص مي‌توانند با مراجعه به اين دادسرا شكايت خود را پيگيري کنند.\u000d\u000a\u000d\u000aوکیل خوب دادگستری، وکیلی است که نخست موکل را دادرسی کند و هرگاه پی ببرد موکل راست می گوید به دادخواهی از سوی او برخیزد. وکیل خوب، باید تمام علم، فن و هنر خود را برای دفاع از حقوق موکل به کار گیرد تا موضوع وکالت را به نحو احسن به پایان برساند. یک وکیل پایه یک دادگستری موفق باید تلاش کند کار با ارزش وکالت را نه صرفا به دید مادی، کسب درآمد و شغلی برای امرار معاش بلکه به نیت احقاق حق و اجرای عدالت و حل مشکلات انسان ها دنبال کند و جنبه معنوی کار را از یاد نبرد که ارزش آن بسیار گرانبهاست و از وقت به دست آمده و اختیار و توانی که جامعه در اختیار او نهاده است، نهایت استفاده را برای خدمت واقعی ببرد.'),'',1,1,0,'2025-12-01 21:52:42.966352','2025-12-01 21:58:58.579940',1,7,'بعد از تایید توانایی وکیل پایه یک دادگستری ، نوبت به انعقاد قرارداد با وی می رسد؛ به طور معمول میزان حق الوکاله یا هزینه وکالت که به وکیل داده می شود، مهم ترین ','موسسه حقوقی, مشاوره حقوقی, وکیل, دادگان','وکیل پایه یک دادگستری');
INSERT INTO lawfirm_blogpost VALUES(14,'مشاوره حقوقی خانواده، طلاق و متارکه','وکیل-مشاوره-حقوقی-خانواده--طلاق',unistr('مشاوره حقوقی دادگان\u000d\u000aیکی از مهم‌ ترین بخش‌های حقوق مدني در ایران ( مهم‌ترین رشته  حقوق  خصوصي ) حقوق خانواده مي باشد ، که ممکن است دعاوی در این زمینه شکل گیرد از جمله اثبات نسب ، نفی نسب ،ثبت واقعه ازدواج ، طلاق توافقی ،  گواهی عدم امکان سازش ، تقاضای تنفیذ طلاق ، فسخ نکاح ، اثبات زوجیت ، اذن در ازد'),unistr('<strong>گروه وکلا و مشاوره حقوقی دادگان</strong>\u000d\u000a\u000d\u000a<strong>دادگان </strong>با بهره گیری از مشاوران حقوقي و  وکلای متخصص و با تجربه خدمات حقوقی ویژه خود را در قالب ارائه ي مشاوره حقوقی و قبول وکالت ، در خصوص  دعاوی خانوادگی ، به شرح ذیل ارائه می نماید  :\u000d\u000a<ul>\u000d\u000a \u0009<li>ارائه ی مشاور حقوقی  و قبول وكالت توسط وکیل پایه یک دادگستری در زمينه ي ، طلاق توافقی ، طلاق یکطرفه ، فسخ نکاح ، ابطال نکاح</li>\u000d\u000a \u0009<li>مشاوره حقوقی  در زمينه ي مطالبه مهریه ، تقسیط مهریه ، توقیف اموال ( تأمین خواسته ) ، ممنوع الخروج کردن بدهکار ( زوج )</li>\u000d\u000a \u0009<li>مطالبه  نفقه ، طرح شکایت کیفری ترک انفاق و یا دفاع از آن</li>\u000d\u000a \u0009<li>اجازه ازدواج مجدد ، اجازه ازدواج دختر باکره ( در فرضی که پدر اجازه ازدواج نمی دهد ).</li>\u000d\u000a \u0009<li>حضانت فرزند و سلب حضانت ، ملاقات فرزند مشترک و سایر دعاوی و اختلافات خانوادگی</li>\u000d\u000a \u0009<li>ارائه ي مشاوره  و  وكالت در زمينه ي  نصب وعزل قيم ، عزل ولي قهري ، تنفيذ  وصيت نامه ، طرح دعواي حجر</li>\u000d\u000a</ul>\u000d\u000a<strong>انواع خواسته  خانوادگی</strong>\u000d\u000a\u000d\u000aخواسته ها و دعاوي مربوط به خانواده ممكن است در زمينه هاي زير باشد . دادگان نيز با داشتن مشاوران حقوقي و وكلا قادر به ارائه ي خدمت مي باشد.\u000d\u000a\u000d\u000aاثبات نسب ، نفی نسب ، ابطال ثبت ، واقعه طلاق ، ابطال ثبت ، واقعه ازدواج ، بطلان نکاح ، ثبت واقعه ازدواج ، ثبت واقعه طلاق ، طلاق توافقی ، طلاق به در خواست زوج ، طلاق به در خواست زوجه ، گواهی عدم امکان سازش ، تقاضای تنفیذ طلاق ، فسخ نکاح ، اثبات زوجیت ، اذن در ازدواج ، تجویز ازدواج مجدد ، استرداد جهیزیه ، اعسار از پرداخت مهریه ، اعلام تمکین مطالبه مهریه ، تعدیل مهریه ، تقسیط مهریه ، تعدیل تقسیط مهریه ، تعیین مهرالمثل ، مطالبه نفقه ، تعدیل نفقه ، الزام به تمکین ، منع اشتغال زوجه/زوج ، واقعه رجوع ، الزام خوانده به تهیه مسکن ، الزام به بذل مدت متعه ، استرداد طفل ، اهداء جنین ، تحویل فرزند ، تقسیط نفقه فرزند ، تقسیط نفقه معوقه ، تغیر جنسیت ،  فرزند خواندگی ، حضانت ، سلب حضانت ، ملاقات طفل ، ملاقات فرزند ، ممانعت از خروج فرزند از کشور، صدور حکم رشد.\u000d\u000a\u000d\u000a<strong>حقوق خانواده</strong>\u000d\u000a\u000d\u000aیکی از مهم‌ ترین بخش‌های حقوق مدني در ایران ( مهم‌ترین رشته  حقوق  خصوصي ) حقوق خانواده مي باشد كه آمیخته با مسائل اجتماعی و اخلاقی و مذهبی مي باشد و بیشتر قواعد آن مربوط  به نظم عمومی  و اخلاق حسنه مي باشد. بنابراين  جنبه حقوقی صرف ندارد . حقوق خانواده ، مجموعه قواعد و مقرراتی که حاکم  بر روابط افراد خانواده و افراد متشکل آن ( از جمله ، شوهر، زن ، فرزند ، پدر و مادر) و امور مالی مرتبط با آن (مانند مهریه زوجه  و نفقه همسر و اقارب ) مي باشد.\u000d\u000a\u000d\u000aحقوق خانواده ، شاخه‌اى از حقوق مدنى مي باشد كه به مقررات و قواعد شكل‌گیرى ، تداوم و همچنين انحلال خانواده می‌پردازد. در این شاخه از حقوق ، با در نظر گرفتن امورى چون مصالح اعضا  و نهاد خانواده و كاركردهاى این نهاد ( مانند حفظ و بقاى نسل ، تأمین نیازهاى عاطفى  و روانىِ اعضا  و برقرارى نظام مراقبتى و حمایتى از كودكان ) ، چگونگى روابط حقوقى اعضاى خانواده ، و حقوق  و تكالیف آنان نسبت به یكدیگر مشخص می‌شود.\u000d\u000a\u000d\u000aحقوق خانواده تا حد زیادی ناشی از ارزش و مقام والای خانواده است . خانواده هسته مركزی اجتماع مي باشد و نخستین اجتماعی است كه شخص در آن گام می گذارد و آداب زندگی  و اصول و رسوم اجتماعی را مي آموزد.\u000d\u000a\u000d\u000aحقوق خانواده یكی از مهمترین و جالب ترین بخش های حقوق مدنی است كه جنبه حقوقی صرف ندارد  بلكه آمیخته با مسائل اجتماعی و اخلاقی و مذهبی است و بیشتر قواعد آن مربوط به نظم عمومی و اخلاق حسنه است .لذا ضرورت دارد مواردی در خصوص تشكیل خانواده و روابط حقوقی بین زن و مرد بررسی شود.\u000d\u000a\u000d\u000aبراي خانواده در قانون مدنی و دیگر قوانین ایران تعریف ارائه  نشده است ؛ ولی با توجه به مقررات مختلف می توان برای آن یک  معنی عام و یک معنی خاص در نظر گرفت .\u000d\u000a\u000d\u000aخانواده به معنی عام ، شامل  گروهی مرکب از شخص و خویشان نسبی و همسر او مي باشد . به عبارت ديگر، گروهی که از هم ارث می برند . ضابطه این خانواده همان ارث بردن از یکدیگر مي باشد .\u000d\u000a\u000d\u000aگاهی خانواده را به معنی گسترده تری به کار مي برند و تمام خویشان سببی را هم  داخل در آن مي دانند.\u000d\u000a\u000d\u000aخانواده به معنی خاص ، یا خانواده هسته ای ، شامل زن و شوهر و فرزندان تحت سرپرستی آنها مي شود ،  که به طور معمول با يكديگر زندگی مي نمايند .'),'',1,1,1,'2025-12-01 21:52:42.969880','2025-12-01 22:00:05.594548',1,7,unistr('مشاوره حقوقی دادگان\u000d\u000aیکی از مهم‌ ترین بخش‌های حقوق مدني در ایران ( مهم‌ترین رشته  حقوق  خصوصي ) حقوق خانواده مي باشد ، که ممکن است دعاوی در این زمینه شکل گیرد ا'),'موسسه حقوقی, مشاوره حقوقی, وکیل, دادگان','مشاوره حقوقی خانواده، طلاق و متارکه');
INSERT INTO lawfirm_blogpost VALUES(15,'مشاوره حقوقی ملکی و امور املاک و مستغلات','وکیل-مشاوره-حقوقی-ملکی-املاک',unistr('دادگان با بهره گیری از مشاوران حقوقي  و  وکلای متخصص و با تجربه ، خدمات حقوقی  ویژه خود را در قالب ارائه ي مشاوره حقوقي  و قبول وکالت ، در خصوص دعاوی ملكي  و دعاوي ناشي از قرارداد ، به شرح ذیل ارائه می نماید  :\u000d\u000a پذيرش وكالت کلیه دعاوی ناشی از خرید ، فروش و اجاره املاک ، از قبیل : الزام به تنظیم سند'),unistr('<u>مشاوره حقوقی ملکی ، وکیل ملکی ، دعاوی ملکی</u><strong><u> </u></strong>\u000d\u000a\u000d\u000a<strong>گروه وکلا و مشاوره حقوقی دادگان</strong>\u000d\u000a\u000d\u000a<strong>دادگان</strong> با بهره گیری از مشاوران حقوقي  و  وکلای متخصص و با تجربه ، خدمات حقوقی  ویژه خود را در قالب ارائه ي مشاوره حقوقي  و قبول وکالت ، در خصوص دعاوی ملكي  و دعاوي ناشي از قرارداد ، به شرح ذیل ارائه می نماید  :\u000d\u000a<ul>\u000d\u000a \u0009<li>مشاوره حقوقي و پذيرش وكالت کلیه دعاوی ناشی از خرید ، فروش و اجاره املاک ، از قبیل : الزام به تنظیم سند رسمی ، الزام  به اخذ پایان کار و صورت مجلس تفکیکی</li>\u000d\u000a \u0009<li> پيگيري الزام به تنظیم سند رسمی اجاره ، تخلیه املاک تجاری و مسکونی ، مطالبه سرقفلی و حق کسب و پیشه و تجارت ، تجویز انتقال منافع</li>\u000d\u000a \u0009<li>دعاوی راجع به تصرفات غیر قانونی املاک از قبیل : خلع ید ، رفع تصرف عدوانی ، رفع مزاحمت و رفع ممانعت از حق  و ….</li>\u000d\u000a \u0009<li>مشاوره حقوقي و پذيرش وكالت در کلیه دعاوی راجع به املاک و اموال مشاع ، از قبیل : افراز ملک مشاع ، دستور فروش ملک مشاع ، تقسیم و تفکیک ملک مشاع  و….</li>\u000d\u000a \u0009<li>مشاوره حقوقي و پذيرش وكالت در كليه دعاوي راجع به موقوفات عام و خاص</li>\u000d\u000a \u0009<li> اخذ و مطالبه اجور معوقه ، اخذ و مطالبه اجرت المثل ، تعديل ( به روز كردن ) اجاره بها</li>\u000d\u000a \u0009<li>مشاوره حقوقي در زمینه تخليه اماكن تجاري و مسكوني مشمول قانون سال ۱۳۷۶،۱۳۶۲، ۱۳۵۶</li>\u000d\u000a \u0009<li> ابطال سند ،  ابطال قرارداد ، فسخ قرارداد</li>\u000d\u000a \u0009<li>پشتيباني اجراي قراردادهاي ملکی ،تنظیم  قرارداد مشارکت در ساخت</li>\u000d\u000a \u0009<li>سایر دعاوی ناشی از اموال و املاک</li>\u000d\u000a</ul>\u000d\u000a<strong>کلیه پرونده ها توسط وکلای متخصص در زمینه فوق پیگیری می شود.</strong>\u000d\u000a\u000d\u000a<strong>انواع خواسته ( ملكی و غیر منقول )</strong>\u000d\u000a\u000d\u000aاثبات حق ارتفاق ، اثبات حق انتفاع ، اثبات مالکیت ، اثبات وقفیت ، اخراج ثلث ، اعتراض به تملک ، افراز ملک ( دارای سابقه ثبتی ) ، افراز ملک ( فاقد سابقه ثبتی ) ، الزام به تعمیر ساختمان مشاعی ، الزام به تفکیک  ملک ، الزام به دادن زمین معوض یا قیمت روز آن ، تسلیط ید ، تعیین تولیت ، تقسیم سهم الشرکه ، تقسیم  مال ( بدون اختلاف در مالکیت ) ، تقسیم مال ( اختلاف در مالکیت ) ، خلع ید ، دستور فروش ملک مشاع ، رفع تصرف عدوانی ، رفع مزاحمت ، رفع ممانعت از حق ، قلع و قمع مستحدثات ، منع استفاده از ملک بر خلاف کاربری مجاز، منع استفاده آموزشی از ملک ، مطالبه اجرت المثل ایام تصرف ، نزع اشجار و…'),'',1,0,1,'2025-12-01 21:52:42.973524','2025-12-01 21:58:58.574624',1,7,'دادگان با بهره گیری از مشاوران حقوقي  و  وکلای متخصص و با تجربه ، خدمات حقوقی  ویژه خود را در قالب ارائه ي مشاوره حقوقي  و قبول وکالت ، در خصوص دعاوی ملكي  و دع','موسسه حقوقی, مشاوره حقوقی, وکیل, دادگان','مشاوره حقوقی ملکی و امور املاک و مستغلات');
INSERT INTO lawfirm_blogpost VALUES(16,'مشاوره حقوقی ثبت احوال','وکیل-مشاوره-حقوقی-ثبت-احوال','وکیل دادگستری.مشاوره حقوقی امور ثبت احوال دعوای حجر ، اثبات بلوغ برای ازدواج ، تغییر جنسیت و اصلاح ،تصحیح و ابطال شناسنامه از حیث شماره و سایر مشخصات ، اصلاح تاریخ فوت در گواهی فوت ، تغییر نام کوچک و نام خانوادگیدر زمینه ی ابطا ل واقعه فوت ، ابطال نسبت یا نفی آن ، دعوی ابوت یا بنوت',unistr('<strong>مشاوره حقوقی امور ثبت احوال\u000d\u000a</strong>\u000d\u000a\u000d\u000a<strong>مرکز تخصصی مشاوره حقوقی امور ثبت احوال</strong> با بهره مندی از مشاوران حقوقی و وکلای متخصص و با تجربه خدمات حقوقی ویژه خود را در قالب ارائه مشاوره حقوقی و قبول وکالت ، توسط وکیل دادگستری در خصوص دعاوی مربوط به ثبت احوال ، به شرح ذیل ارائه می نماید :\u000d\u000a<ul>\u000d\u000a \u0009<li> قبول وكالت در زمینه ی دعوای حجر ، اثبات بلوغ برای ازدواج ، تغییر جنسیت</li>\u000d\u000a \u0009<li>مشاوره حقوقی و قبول وكالت در زمینه ی تصحیح و ابطال شناسنامه از حیث شماره و سایر مشخصات ، اصلاح تاریخ فوت در گواهی فوت ، تغییر نام کوچک و نام خانوادگی</li>\u000d\u000a \u0009<li>ارائه ی مشاوره حقوقی و پذیرش  وكالت در زمینه ی ابطا ل واقعه فوت ، ابطال نسبت یا نفی آن ،</li>\u000d\u000a \u0009<li> مشاوره حقوقی در زمینه ی دعوی ابوت یا بنوت</li>\u000d\u000a</ul>\u000d\u000aو سایر امور و دعاوی ثبت احوال\u000d\u000a\u000d\u000a<strong>موارد مربوط به ثبت احوال </strong>\u000d\u000a\u000d\u000a<strong>شناسنامه</strong>\u000d\u000a\u000d\u000aداشتن هویتی روشن و شفاف از حقوق اولیه هر انسانی می باشد و شناسنامه برگ هویت هر انسان می باشد .\u000d\u000a\u000d\u000aصدور شناسنامه روشن كننده ی انتساب اولیه هر شخص در طبقه اجتماعی او ، و اینكه پدر و مادر وی چه كسانی هستند و متعلق به كدام فامیلند است ، بنابراین والدین مكلفند به محض تولد كودك نسبت به نامگذاری شایسته و اخذ شناسنامه برای فرزند خود اقدام نمایند .\u000d\u000a\u000d\u000aسازمان ثبت احوال موظف می باشد وقایع حیاتی هر فرد اعم از ولادت ، ازدواج ، طلاق ، رجوع ، بذل مدت و وفات را ثبت نماید و نسبت به صدور شناسنامه و همچنین تسلیم آن به متقاضی اقدام كند.\u000d\u000a\u000d\u000a<strong>ثبت ولادت</strong>\u000d\u000a\u000d\u000aولادت هر طفل در ایران اعم از اینكه والدین ایرانی یا خارجی باشند لازم است ، ظرف مدت 15 روز از تاریخ ولادت به اداره ثبت احوال اعلام شود ، ولادت اطفال ایرانی مقیم كشورهای خارجی به كنسولگری محل اقامت و یا به نزدیكترین كنسولگری اعلام شود. و پس از اعلام نمودن ولادت ، اگر طفل ایرانی باشد شناسنامه ای با مشخصات وی صادر می شود و به پدر و مادرش تحویل می شود و در صورت خارجی بودن طفل ، گواهی ولادت صادر می شود و تحویل والدین كودك می شود.\u000d\u000a\u000d\u000a<strong>ثبت وفات </strong>\u000d\u000a\u000d\u000aوفات هر شخصی اعم از ایرانی و خارجی و همچنین طفلی كه مرده به دنیا آمده لازم است ، بلافاصله به اداره ثبت احوال اعلام شود و در مورد ایرانیان مقیم خارج باید به نزدیك ترین كنسولگری اعلام گردد.\u000d\u000a\u000d\u000aواقعه فوت لازم است به گواهی پزشك یا دو نفر شاهد برسد و مهلت اعلام فوت جهت اخذ گواهی ده روز از تاریخ فوت است .\u000d\u000a\u000d\u000a<strong>ثبت ازدواج و طلاق </strong>\u000d\u000a\u000d\u000aصاحبان دفاتر اسناد رسمی موظف هستند وقایع ازدواج و طلاق و رجوع را در دفاتر مربوطه خود ثبت و مراتب را به اطلاع اداره ثبت احوال محل برسانند . این وظیفه در خارج از كشور به عهده نزدیكترین كنسولگری می باشد .\u000d\u000a\u000d\u000aاداره ثبت موظف است تمامی وقایع ازدواج و طلاق و رجوع و بذل مدت و فسخ نكاح و تعدد زوجات را در دفاتر مربوطه منعكس و سپس به شناسنامه انتقال دهد.\u000d\u000a\u000d\u000a<strong>تغییر نام خانوادگی </strong>\u000d\u000a\u000d\u000aتغییر نام خانوادگی با سازمان ثبت احوال كشور می باشد و در نام خانوادگی حق تقدم با كسی می باشد كه از نظر تاریخ مقدم باشد و شخص دیگر حق انتخاب آن نام را ندارد مگر با اجازه دارنده حق تقدم . همچنین این حق به وراث به ارث می رسد .\u000d\u000a\u000d\u000aهر شخص پس از رسیدن به سن قانونی می تواند نام خانوادگی خود را تغییر دهد .'),'',1,0,5,'2025-12-01 21:52:42.976814','2025-12-01 21:58:58.569036',1,7,'وکیل دادگستری.مشاوره حقوقی امور ثبت احوال دعوای حجر ، اثبات بلوغ برای ازدواج ، تغییر جنسیت و اصلاح ،تصحیح و ابطال شناسنامه از حیث شماره و سایر مشخصات ، اصلاح تا','موسسه حقوقی, مشاوره حقوقی, وکیل, دادگان','مشاوره حقوقی ثبت احوال');
CREATE TABLE IF NOT EXISTS "lawfirm_question" ("id" integer NOT NULL PRIMARY KEY AUTOINCREMENT, "title" varchar(200) NOT NULL, "slug" varchar(200) NOT NULL UNIQUE, "content" text NOT NULL, "asker_name" varchar(100) NOT NULL, "asker_email" varchar(254) NOT NULL, "views" integer unsigned NOT NULL CHECK ("views" >= 0), "votes" integer NOT NULL, "is_answered" bool NOT NULL, "is_published" bool NOT NULL, "created_at" datetime NOT NULL, "updated_at" datetime NOT NULL, "category_id" bigint NOT NULL REFERENCES "lawfirm_qacategory" ("id") DEFERRABLE INITIALLY DEFERRED, "seo_description" varchar(160) NOT NULL, "seo_keywords" varchar(255) NOT NULL, "seo_title" varchar(60) NOT NULL);
INSERT INTO lawfirm_question VALUES(1,'سوال حقوق دارم برای کسب مشاره حقوقی','سوال-حقوق-دارم-برای-کسب-مشاره-حقوقی','آیا می‌توانم از طریق وکیل، از حقوق خود در برابر شرکت بیمه‌ای که از پرداخت خسارت من خودداری کرده است، دفاع کنم؟','پرسنده','info@dadgan.com',0,0,1,1,'2025-12-01 20:58:19.196354','2025-12-01 20:58:19.196372',1,'','','');
INSERT INTO lawfirm_question VALUES(2,'مهریه چطور به زن تعلق می‌گیره؟','مهریه-چطور-به-زن-تعلق-میگیره','من تازه عقد کردم، می‌خوام بدونم مهریه چطوری به زن تعلق می‌گیره؟','پرسنده','info@dadgan.com',0,0,1,1,'2025-12-01 20:58:19.201439','2025-12-01 20:58:19.201451',1,'','','');
INSERT INTO lawfirm_question VALUES(3,'چطور سفته رو اجرا بذارم؟','چطور-سفته-رو-اجرا-بذارم','یک سفته دستمه که تاریخش گذشته، حالا چطور می‌تونم اجراییه بگیرم؟','پرسنده','info@dadgan.com',0,0,1,1,'2025-12-01 20:58:19.206202','2025-12-01 20:58:19.206213',1,'','','');
INSERT INTO lawfirm_question VALUES(4,'برای ثبت شرکت چیکار باید بکنم؟','برای-ثبت-شرکت-چیکار-باید-بکنم','می‌خوام یه شرکت بزنم ولی نمی‌دونم مراحلش چیه؟','پرسنده','info@dadgan.com',0,0,1,1,'2025-12-01 20:58:19.211147','2025-12-01 20:58:19.211163',1,'','','');
INSERT INTO lawfirm_question VALUES(5,'چطور می‌تونم حق طلاق بگیرم؟','چطور-میتونم-حق-طلاق-بگیرم','شوهرم نمی‌خواد من رو طلاق بده. من چطور می‌تونم حق طلاق بگیرم؟','پرسنده','info@dadgan.com',0,0,1,1,'2025-12-01 20:58:19.216088','2025-12-01 20:58:19.216103',1,'','','');
INSERT INTO lawfirm_question VALUES(6,'چطور می‌تونم از شوهرم نفقه بگیرم؟','چطور-میتونم-از-شوهرم-نفقه-بگیرم','شوهرم مدتیه که نفقه نمی‌ده. چطور می‌تونم حقمو بگیرم؟','پرسنده','info@dadgan.com',0,0,1,1,'2025-12-01 20:58:19.220614','2025-12-01 20:58:19.220626',1,'','','');
INSERT INTO lawfirm_question VALUES(7,'چک برگشتی رو چطور باید پیگیری کنم؟','چک-برگشتی-رو-چطور-باید-پیگیری-کنم','یک چک برگشتی دارم، چطور می‌تونم ازش شکایت کنم؟','پرسنده','info@dadgan.com',0,0,1,1,'2025-12-01 20:58:19.225155','2025-12-01 20:58:19.225166',1,'','','');
INSERT INTO lawfirm_question VALUES(8,'دیه چیه و چطور محاسبه میشه؟','دیه-چیه-و-چطور-محاسبه-میشه','دیه دقیقاً چیه و چطور حساب میشه؟','پرسنده','info@dadgan.com',0,0,1,1,'2025-12-01 20:58:19.230668','2025-12-01 20:58:19.230681',1,'','','');
INSERT INTO lawfirm_question VALUES(9,'کسی که اجاره‌خونه نده رو چطور میشه بیرون کرد؟','کسی-که-اجارهخونه-نده-رو-چطور-میشه-بیرون-کرد','مستاجرم چند ماهه اجاره نداده، چطور می‌تونم قانونی بیرونش کنم؟','پرسنده','info@dadgan.com',0,0,1,1,'2025-12-01 20:58:19.235315','2025-12-01 20:58:19.235325',1,'','','');
INSERT INTO lawfirm_question VALUES(10,'سهم الارث چطور تقسیم میشه؟','سهم-الارث-چطور-تقسیم-میشه','بعد از فوت پدرم، ما چند تا وارثیم. چطور سهم الارث تقسیم میشه؟','پرسنده','info@dadgan.com',0,0,1,1,'2025-12-01 20:58:19.239868','2025-12-01 20:58:19.239879',1,'','','');
INSERT INTO lawfirm_question VALUES(11,'اگر کارفرما حقوق نده باید چیکار کنم؟','اگر-کارفرما-حقوق-نده-باید-چیکار-کنم','چند ماهه کارفرمام حقوق نداده. می‌تونم شکایت کنم؟','پرسنده','info@dadgan.com',0,0,1,1,'2025-12-01 20:58:19.245135','2025-12-01 20:58:19.245150',1,'','','');
INSERT INTO lawfirm_question VALUES(12,'مهریه عندالمطالبه یعنی چی؟','مهریه-عندالمطالبه-یعنی-چی','مهریه من عندالمطالبه‌ست. یعنی چی؟','پرسنده','info@dadgan.com',0,0,1,1,'2025-12-01 20:58:19.249990','2025-12-01 20:58:19.250002',1,'','','');
INSERT INTO lawfirm_question VALUES(13,'گواهی عدم سازش چیه؟','گواهی-عدم-سازش-چیه','برای طلاق به من گفتن باید گواهی عدم سازش بگیرم. این چیه؟','پرسنده','info@dadgan.com',0,0,1,1,'2025-12-01 20:58:19.254686','2025-12-01 20:58:19.254696',1,'','','');
INSERT INTO lawfirm_question VALUES(14,'چطور حضانت بچه رو بگیرم؟','چطور-حضانت-بچه-رو-بگیرم','من از شوهرم جدا شدم. چطور می‌تونم حضانت بچه‌ام رو بگیرم؟','پرسنده','info@dadgan.com',0,0,1,1,'2025-12-01 20:58:19.259863','2025-12-01 20:58:19.259880',1,'','','');
INSERT INTO lawfirm_question VALUES(15,'اجرت‌المثل چیه؟','اجرتالمثل-چیه','اجرت‌المثل یعنی چی و چطور به زن تعلق می‌گیره؟','پرسنده','info@dadgan.com',0,0,1,1,'2025-12-01 20:58:19.265029','2025-12-01 20:58:19.265043',1,'','','');
INSERT INTO lawfirm_question VALUES(16,'کارت پایان خدمت نداشته باشم می‌تونم پاسپورت بگیرم؟','کارت-پایان-خدمت-نداشته-باشم-میتونم-پاسپورت-بگیرم','من هنوز کارت پایان خدمت ندارم. می‌تونم پاسپورت بگیرم؟','پرسنده','info@dadgan.com',0,0,1,1,'2025-12-01 20:58:19.270060','2025-12-01 20:58:19.270070',1,'','','');
INSERT INTO lawfirm_question VALUES(17,'پرداخت حق بیمه چطوریه؟','پرداخت-حق-بیمه-چطوریه','کارفرما تا حالا برام بیمه رد نکرده. باید چیکار کنم؟','پرسنده','info@dadgan.com',1,2,1,1,'2025-12-01 20:58:19.277662','2025-12-01 22:07:56.720039',1,'','','');
INSERT INTO lawfirm_question VALUES(18,'چطور می‌تونم علیه مزاحم تلفنی اقدام کنم؟','چطور-میتونم-علیه-مزاحم-تلفنی-اقدام-کنم','یه نفر مدام به من زنگ می‌زنه و مزاحمم میشه. چطور می‌تونم ازش شکایت کنم؟','پرسنده','info@dadgan.com',0,0,1,1,'2025-12-01 20:58:19.282779','2025-12-01 20:58:19.282790',1,'','','');
INSERT INTO lawfirm_question VALUES(19,'کیس پناهندگی چیه؟','کیس-پناهندگی-چیه','پناهندگی یعنی چی و چطور می‌تونم کیس پناهندگی بگیرم؟','پرسنده','info@dadgan.com',0,0,1,1,'2025-12-01 20:58:19.287526','2025-12-01 20:58:19.287536',1,'','','');
INSERT INTO lawfirm_question VALUES(20,'چطور می‌تونم تابعیت ایران بگیرم؟','چطور-میتونم-تابعیت-ایران-بگیرم','من خارجی هستم و می‌خوام تابعیت ایران رو بگیرم. مراحلش چیه؟','پرسنده','info@dadgan.com',0,0,1,1,'2025-12-01 20:58:19.292765','2025-12-01 20:58:19.292781',1,'','','');
INSERT INTO lawfirm_question VALUES(21,'اگر تصادف کنم و بیمه نداشته باشم چی میشه؟','اگر-تصادف-کنم-و-بیمه-نداشته-باشم-چی-میشه','اگه تصادف کنم و بیمه نداشته باشم، چه مشکلاتی پیش میاد؟','پرسنده','info@dadgan.com',0,0,1,1,'2025-12-01 20:58:19.297951','2025-12-01 20:58:19.297962',1,'','','');
INSERT INTO lawfirm_question VALUES(22,'Get a Free Backlink Report for Higher Traffic','get-a-free-backlink-report-for-higher-traffic','Claim your free backlink analysis now!\r\n\r\nhttps://aluzzion.com/go/free-backlink-analysis-tool-for-seo\r\n\r\nDive into a detailed SEO backlink analysis now to enhance your digital strategy! It’s like checking the backbone of your online presence for stability and growth. Discover the credibility your site commands, and transform your backlink profile into a roadmap for better search engine rankings and increased traffic. Detect harmful links to remove and seize opportunities for powerful link-building.\r\n\r\nThis allows for multiple variations of the message while maintaining clarity and intent.\r\n\r\n\r\n\r\n\r\n\r\n\r\nYou can unsubscribe by sending an email with subject \"Unsubscribe\" to hortzsteven@gmail.com\r\n58 Capper Street, Madera, CA, US','پرسنده','info@dadgan.com',0,0,0,1,'2025-12-01 20:58:19.302801','2025-12-01 20:58:19.302816',1,'','','');
INSERT INTO lawfirm_question VALUES(23,'Invest in my Investment Program and Earn $5k monthly','invest-in-my-investment-program-and-earn-5k-month','Hi friends,\r\n\r\ni want to ask u invest in my program u need minimum 10k dollar , u can make 5k profit every month!\r\n\r\ni have very secret way if u interesting please book a call here:\r\n\r\nmy calendly: https://profitparadigm.io/\r\nmy email: support@profitparadigm.io\r\nmy whatsapp: +13233172804\r\nmy instagram: https://www.instagram.com/sauzetin\r\nmy business facebook: https://www.facebook.com/profitparadigm.io\r\nmy facebook: https://www.facebook.com/draustindo?mibextid=LQQJ4d\r\n\r\nwaiting to see u asap if u want to make tons of money from my program.','پرسنده','info@dadgan.com',0,0,0,1,'2025-12-01 20:58:19.306247','2025-12-01 20:58:19.306260',1,'','','');
INSERT INTO lawfirm_question VALUES(24,'Benzinga offers free brand articles','benzinga-offers-free-brand-articles','Hey there,\r\n\r\nAre you boost your brand visibility, build trust, and gain exposure at no cost? We’re providing a free article on Benzinga, a platform with over 14M+ monthly visitors—a fantastic opportunity to increase your company’s visibility.\r\n\r\nThis deal is only available for the first 10 people who reply, so if you’d want to take advantage of your free Benzinga article, simply reply with \"\"YES, I would like to be featured in Benzinga!\"\"\r\n\r\nI’d be excited to help your brand get the recognition it deserves.\r\n\r\nBest,  \r\nJonathan\r\n\r\n\r\n\r\n\r\nShould you don\''t want to receive messages from us again, kindly reply back to this email saying the words: \"No, thank you\".','پرسنده','info@dadgan.com',0,0,0,1,'2025-12-01 20:58:19.308826','2025-12-01 20:58:19.308843',1,'','','');
INSERT INTO lawfirm_question VALUES(25,'خرید اینترنتی','خرید-اینترنتی','من یک لپ‌تاپ استوک اینتنری خریداری کردم و وقتی دستگاه رسید به دستم متوجه شدم اونطور که فروشنده از دستگاه تعریف می‌کرده نیست و بعدش بهشون اعلام کردم که من از دستگاه خوشم نیومده و می‌خوام برگشت بزنم و قبول هم کردن بعد امروز دیگه گوشیشون رو برنمی‌دارن (البته 15 روز به بنده ظمانت بی قید و شرط دادن) الان هم نمیدونم چجور باید وارد عمل شم و پیگیری کنم','پرسنده','info@dadgan.com',0,0,0,1,'2025-12-01 20:58:19.311810','2025-12-01 20:58:19.311824',1,'','','');
INSERT INTO lawfirm_question VALUES(26,'Make Your Brand Prominent with a Complimentary Digital Journal Feature','make-your-brand-prominent-with-a-complimentary-dig','Hello,\r\n\r\nDo you want your business to gain the recognition it deserves?\r\n\r\nAt Global Wide PR, we help brands get featured on respected platforms like Digital Journal and major news affiliates such as FOX, NBC, CBS, and ABC. These placements increase trust, expand reach, and give your business the credibility it needs to grow.\r\n\r\nWe’re currently offering a free article on Digital Journal to show you the value of what we do. Imagine how much stronger your brand’s reputation could become with this kind of exposure.\r\n\r\nIf you’re interested, click the link below to sign up, and we’ll guide you through the process:\r\nhttps://bit.ly/globalwpr\r\n\r\nCheers,\r\nClaudine\r\nGlobal Wide PR\r\n\r\n\r\nIf you would like to stop receiving our emails, we’ve made it easy for you. Head over to https://bit.ly/removethelist and fill out the form with your website address.','پرسنده','info@dadgan.com',0,0,0,1,'2025-12-01 20:58:19.314486','2025-12-01 20:58:19.314497',1,'','','');
INSERT INTO lawfirm_question VALUES(27,'درخواست همکاری','درخواست-همکاری','سلام و عرض ادب \r\nاشکان نقدی هستم وکیل پایه یک دادگستری ، کارشناسی ارشد حقوقی خصوصی ، مسلط به زبان انگلیسی هستم.\r\nدرخواست همکاری با مجموعه حقوقی شما را دارم.\r\n\r\nاگر امکانش هست بفرمایید خدمت برسم.\r\n\r\nبا تشکر','پرسنده','info@dadgan.com',0,0,0,1,'2025-12-01 20:58:19.317276','2025-12-01 20:58:19.317291',1,'','','');
INSERT INTO lawfirm_question VALUES(28,'رابطه','رابطه','سلام من با یک آقایی رابطه داشتم 11 سال . و به من قول ازدواج داد . و با من رابطه جنسی برقرار میکرد . اما من را بدون دلیل رها کرد . من به طور جدی میخوام از ایشان شکایت و پیگیری قانونی کنم .میشه لطفا راهنماییم کنید.','پرسنده','info@dadgan.com',0,0,0,1,'2025-12-01 20:58:19.320198','2025-12-01 20:58:19.320210',1,'','','');
INSERT INTO lawfirm_question VALUES(29,'مانع در تأئیه دیون متوفی','مانع-در-تأئیه-دیون-متوفی','سلام و وقت بخیر.\r\nدر ارتباط با نحوه دریافت مبالغی که فرد متوفی از اشخاص حقوقی مثل شرکت های خصوصی و سازمان های دولتی طلب داره. از لحاظ منطقی، هر کدام از وراث، در صورتی که گواهی انحصار وراثت تهیه کرده باشن، قاعدتاً، باید بتونن با مراجعه به مثلاً واحد حقوقی یا واحد مالی یا حسابداری شرکت ها و سازمان ها، بر اساس اون گواهی، سهم خودشون رو جداگانه مطالبه و دریافت کنن. درست میگم؟\r\nاما چیزی که من در عمل باهاش مواجه شدم اینه که، هر جا که مراجعه میکنی، میگن که «باید» یک وکالت نامۀ محضری به نام یکی از ورثه تهیه بشه تا بدهی به اون فرد معین پرداخت بشه. فرایندی که هم زمان بره، هم هزینه مالی داره، و هم اینکه ممکنه در مواردی ورثه برای تهیه چنین وکالت نامه ای توافق نداشته باشن.\r\nآیا از نظر قانونی الزامی بر تهیه چنین وکالت نامه ای وجود داره؟ آیا توی چنین مواردی همون گواهی انحصار وراثت برای درخواست تأدیه دین کفایت نمیکنه؟\r\nبا تشکر.','پرسنده','info@dadgan.com',0,0,0,1,'2025-12-01 20:58:19.322776','2025-12-01 20:58:19.322787',1,'','','');
INSERT INTO lawfirm_question VALUES(30,'سوال حقوق دارم برای کسب مشاره حقوقی','سوال-حقوق-دارم-برای-کسب-مشاره-حقوقی-1','آیا می‌توانم از طریق وکیل، از حقوق خود در برابر شرکت بیمه‌ای که از پرداخت خسارت من خودداری کرده است، دفاع کنم؟','کاربر','user@dadgan.com',0,0,1,1,'2025-12-01 21:48:31.097718','2025-12-01 21:48:31.097751',2,'آیا می‌توانم از طریق وکیل، از حقوق خود در برابر شرکت بیمه‌ای که از پرداخت خسارت من خودداری کرده است، دفاع کنم؟','مشاوره حقوقی, سوال حقوقی','سوال حقوق دارم برای کسب مشاره حقوقی');
INSERT INTO lawfirm_question VALUES(31,'مهریه چطور به زن تعلق می‌گیره؟','مهریه-چطور-به-زن-تعلق-میگیره-1','من تازه عقد کردم، می‌خوام بدونم مهریه چطوری به زن تعلق می‌گیره؟','کاربر','user@dadgan.com',0,0,1,1,'2025-12-01 21:48:31.101562','2025-12-01 21:48:31.101575',2,'من تازه عقد کردم، می‌خوام بدونم مهریه چطوری به زن تعلق می‌گیره؟','مشاوره حقوقی, سوال حقوقی','مهریه چطور به زن تعلق می‌گیره؟');
INSERT INTO lawfirm_question VALUES(32,'چطور سفته رو اجرا بذارم؟','چطور-سفته-رو-اجرا-بذارم-1','یک سفته دستمه که تاریخش گذشته، حالا چطور می‌تونم اجراییه بگیرم؟','کاربر','user@dadgan.com',0,0,1,1,'2025-12-01 21:48:31.104884','2025-12-01 21:48:31.104895',2,'یک سفته دستمه که تاریخش گذشته، حالا چطور می‌تونم اجراییه بگیرم؟','مشاوره حقوقی, سوال حقوقی','چطور سفته رو اجرا بذارم؟');
INSERT INTO lawfirm_question VALUES(33,'برای ثبت شرکت چیکار باید بکنم؟','برای-ثبت-شرکت-چیکار-باید-بکنم-1','می‌خوام یه شرکت بزنم ولی نمی‌دونم مراحلش چیه؟','کاربر','user@dadgan.com',0,0,1,1,'2025-12-01 21:48:31.108123','2025-12-01 21:48:31.108135',2,'می‌خوام یه شرکت بزنم ولی نمی‌دونم مراحلش چیه؟','مشاوره حقوقی, سوال حقوقی','برای ثبت شرکت چیکار باید بکنم؟');
INSERT INTO lawfirm_question VALUES(34,'چطور می‌تونم حق طلاق بگیرم؟','چطور-میتونم-حق-طلاق-بگیرم-1','شوهرم نمی‌خواد من رو طلاق بده. من چطور می‌تونم حق طلاق بگیرم؟','کاربر','user@dadgan.com',0,0,1,1,'2025-12-01 21:48:31.111828','2025-12-01 21:48:31.111845',2,'شوهرم نمی‌خواد من رو طلاق بده. من چطور می‌تونم حق طلاق بگیرم؟','مشاوره حقوقی, سوال حقوقی','چطور می‌تونم حق طلاق بگیرم؟');
INSERT INTO lawfirm_question VALUES(35,'چطور می‌تونم از شوهرم نفقه بگیرم؟','چطور-میتونم-از-شوهرم-نفقه-بگیرم-1','شوهرم مدتیه که نفقه نمی‌ده. چطور می‌تونم حقمو بگیرم؟','کاربر','user@dadgan.com',0,0,1,1,'2025-12-01 21:48:31.115326','2025-12-01 21:48:31.115343',2,'شوهرم مدتیه که نفقه نمی‌ده. چطور می‌تونم حقمو بگیرم؟','مشاوره حقوقی, سوال حقوقی','چطور می‌تونم از شوهرم نفقه بگیرم؟');
INSERT INTO lawfirm_question VALUES(36,'چک برگشتی رو چطور باید پیگیری کنم؟','چک-برگشتی-رو-چطور-باید-پیگیری-کنم-1','یک چک برگشتی دارم، چطور می‌تونم ازش شکایت کنم؟','کاربر','user@dadgan.com',0,0,1,1,'2025-12-01 21:48:31.118743','2025-12-01 21:48:31.118759',2,'یک چک برگشتی دارم، چطور می‌تونم ازش شکایت کنم؟','مشاوره حقوقی, سوال حقوقی','چک برگشتی رو چطور باید پیگیری کنم؟');
INSERT INTO lawfirm_question VALUES(37,'دیه چیه و چطور محاسبه میشه؟','دیه-چیه-و-چطور-محاسبه-میشه-1','دیه دقیقاً چیه و چطور حساب میشه؟','کاربر','user@dadgan.com',0,0,1,1,'2025-12-01 21:48:31.122652','2025-12-01 21:48:31.122667',2,'دیه دقیقاً چیه و چطور حساب میشه؟','مشاوره حقوقی, سوال حقوقی','دیه چیه و چطور محاسبه میشه؟');
INSERT INTO lawfirm_question VALUES(38,'کسی که اجاره‌خونه نده رو چطور میشه بیرون کرد؟','کسی-که-اجارهخونه-نده-رو-چطور-میشه-بیرون-کرد-1','مستاجرم چند ماهه اجاره نداده، چطور می‌تونم قانونی بیرونش کنم؟','کاربر','user@dadgan.com',0,0,1,1,'2025-12-01 21:48:31.125781','2025-12-01 21:48:31.125794',2,'مستاجرم چند ماهه اجاره نداده، چطور می‌تونم قانونی بیرونش کنم؟','مشاوره حقوقی, سوال حقوقی','کسی که اجاره‌خونه نده رو چطور میشه بیرون کرد؟');
INSERT INTO lawfirm_question VALUES(39,'سهم الارث چطور تقسیم میشه؟','سهم-الارث-چطور-تقسیم-میشه-1','بعد از فوت پدرم، ما چند تا وارثیم. چطور سهم الارث تقسیم میشه؟','کاربر','user@dadgan.com',0,0,1,1,'2025-12-01 21:48:31.130185','2025-12-01 21:48:31.130209',2,'بعد از فوت پدرم، ما چند تا وارثیم. چطور سهم الارث تقسیم میشه؟','مشاوره حقوقی, سوال حقوقی','سهم الارث چطور تقسیم میشه؟');
INSERT INTO lawfirm_question VALUES(40,'اگر کارفرما حقوق نده باید چیکار کنم؟','اگر-کارفرما-حقوق-نده-باید-چیکار-کنم-1','چند ماهه کارفرمام حقوق نداده. می‌تونم شکایت کنم؟','کاربر','user@dadgan.com',0,0,1,1,'2025-12-01 21:48:31.134160','2025-12-01 21:48:31.134176',2,'چند ماهه کارفرمام حقوق نداده. می‌تونم شکایت کنم؟','مشاوره حقوقی, سوال حقوقی','اگر کارفرما حقوق نده باید چیکار کنم؟');
INSERT INTO lawfirm_question VALUES(41,'مهریه عندالمطالبه یعنی چی؟','مهریه-عندالمطالبه-یعنی-چی-1','مهریه من عندالمطالبه‌ست. یعنی چی؟','کاربر','user@dadgan.com',0,0,1,1,'2025-12-01 21:48:31.138154','2025-12-01 21:48:31.138170',2,'مهریه من عندالمطالبه‌ست. یعنی چی؟','مشاوره حقوقی, سوال حقوقی','مهریه عندالمطالبه یعنی چی؟');
INSERT INTO lawfirm_question VALUES(42,'گواهی عدم سازش چیه؟','گواهی-عدم-سازش-چیه-1','برای طلاق به من گفتن باید گواهی عدم سازش بگیرم. این چیه؟','کاربر','user@dadgan.com',0,0,1,1,'2025-12-01 21:48:31.141165','2025-12-01 21:48:31.141178',2,'برای طلاق به من گفتن باید گواهی عدم سازش بگیرم. این چیه؟','مشاوره حقوقی, سوال حقوقی','گواهی عدم سازش چیه؟');
INSERT INTO lawfirm_question VALUES(43,'چطور حضانت بچه رو بگیرم؟','چطور-حضانت-بچه-رو-بگیرم-1','من از شوهرم جدا شدم. چطور می‌تونم حضانت بچه‌ام رو بگیرم؟','کاربر','user@dadgan.com',0,0,1,1,'2025-12-01 21:48:31.145368','2025-12-01 21:48:31.145387',2,'من از شوهرم جدا شدم. چطور می‌تونم حضانت بچه‌ام رو بگیرم؟','مشاوره حقوقی, سوال حقوقی','چطور حضانت بچه رو بگیرم؟');
INSERT INTO lawfirm_question VALUES(44,'اجرت‌المثل چیه؟','اجرتالمثل-چیه-1','اجرت‌المثل یعنی چی و چطور به زن تعلق می‌گیره؟','کاربر','user@dadgan.com',0,0,1,1,'2025-12-01 21:48:31.148767','2025-12-01 21:48:31.148782',2,'اجرت‌المثل یعنی چی و چطور به زن تعلق می‌گیره؟','مشاوره حقوقی, سوال حقوقی','اجرت‌المثل چیه؟');
INSERT INTO lawfirm_question VALUES(45,'کارت پایان خدمت نداشته باشم می‌تونم پاسپورت بگیرم؟','کارت-پایان-خدمت-نداشته-باشم-میتونم-پاسپورت-بگیرم-1','من هنوز کارت پایان خدمت ندارم. می‌تونم پاسپورت بگیرم؟','کاربر','user@dadgan.com',0,0,1,1,'2025-12-01 21:48:31.152819','2025-12-01 21:48:31.152837',2,'من هنوز کارت پایان خدمت ندارم. می‌تونم پاسپورت بگیرم؟','مشاوره حقوقی, سوال حقوقی','کارت پایان خدمت نداشته باشم می‌تونم پاسپورت بگیرم؟');
INSERT INTO lawfirm_question VALUES(46,'پرداخت حق بیمه چطوریه؟','پرداخت-حق-بیمه-چطوریه-1','کارفرما تا حالا برام بیمه رد نکرده. باید چیکار کنم؟','کاربر','user@dadgan.com',0,0,1,1,'2025-12-01 21:48:31.155988','2025-12-01 21:48:31.156001',2,'کارفرما تا حالا برام بیمه رد نکرده. باید چیکار کنم؟','مشاوره حقوقی, سوال حقوقی','پرداخت حق بیمه چطوریه؟');
INSERT INTO lawfirm_question VALUES(47,'چطور می‌تونم علیه مزاحم تلفنی اقدام کنم؟','چطور-میتونم-علیه-مزاحم-تلفنی-اقدام-کنم-1','یه نفر مدام به من زنگ می‌زنه و مزاحمم میشه. چطور می‌تونم ازش شکایت کنم؟','کاربر','user@dadgan.com',0,0,1,1,'2025-12-01 21:48:31.159348','2025-12-01 21:48:31.159364',2,'یه نفر مدام به من زنگ می‌زنه و مزاحمم میشه. چطور می‌تونم ازش شکایت کنم؟','مشاوره حقوقی, سوال حقوقی','چطور می‌تونم علیه مزاحم تلفنی اقدام کنم؟');
INSERT INTO lawfirm_question VALUES(48,'کیس پناهندگی چیه؟','کیس-پناهندگی-چیه-1','پناهندگی یعنی چی و چطور می‌تونم کیس پناهندگی بگیرم؟','کاربر','user@dadgan.com',0,0,1,1,'2025-12-01 21:48:31.164162','2025-12-01 21:48:31.164182',2,'پناهندگی یعنی چی و چطور می‌تونم کیس پناهندگی بگیرم؟','مشاوره حقوقی, سوال حقوقی','کیس پناهندگی چیه؟');
INSERT INTO lawfirm_question VALUES(49,'چطور می‌تونم تابعیت ایران بگیرم؟','چطور-میتونم-تابعیت-ایران-بگیرم-1','من خارجی هستم و می‌خوام تابعیت ایران رو بگیرم. مراحلش چیه؟','کاربر','user@dadgan.com',0,0,1,1,'2025-12-01 21:48:31.168028','2025-12-01 21:48:31.168044',2,'من خارجی هستم و می‌خوام تابعیت ایران رو بگیرم. مراحلش چیه؟','مشاوره حقوقی, سوال حقوقی','چطور می‌تونم تابعیت ایران بگیرم؟');
INSERT INTO lawfirm_question VALUES(50,'اگر تصادف کنم و بیمه نداشته باشم چی میشه؟','اگر-تصادف-کنم-و-بیمه-نداشته-باشم-چی-میشه-1','اگه تصادف کنم و بیمه نداشته باشم، چه مشکلاتی پیش میاد؟','کاربر','user@dadgan.com',0,0,1,1,'2025-12-01 21:48:31.172217','2025-12-01 21:48:31.172231',2,'اگه تصادف کنم و بیمه نداشته باشم، چه مشکلاتی پیش میاد؟','مشاوره حقوقی, سوال حقوقی','اگر تصادف کنم و بیمه نداشته باشم چی میشه؟');
INSERT INTO lawfirm_question VALUES(51,'Get a Free Backlink Report for Higher Traffic','get-a-free-backlink-report-for-higher-traffic-1',unistr('Claim your free backlink analysis now!\u000d\u000a\u000d\u000ahttps://aluzzion.com/go/free-backlink-analysis-tool-for-seo\u000d\u000a\u000d\u000aDive into a detailed SEO backlink analysis now to enhance your digital strategy! It’s like checking the backbone of your online presence for stability and growth. Discover the credibility your site commands, and transform your backlink profile into a roadmap for better search engine rankings and increased traffic. Detect harmful links to remove and seize opportunities for powerful link-building.\u000d\u000a\u000d\u000aThis allows for multiple variations of the message while maintaining clarity and intent.\u000d\u000a\u000d\u000a\u000d\u000a\u000d\u000a\u000d\u000a\u000d\u000a\u000d\u000aYou can unsubscribe by sending an email with subject "Unsubscribe" to hortzsteven@gmail.com\u000d\u000a58 Capper Street, Madera, CA, US'),'کاربر','user@dadgan.com',0,0,0,1,'2025-12-01 21:48:31.175414','2025-12-01 21:48:31.175427',2,unistr('Claim your free backlink analysis now!\u000d\u000a\u000d\u000ahttps://aluzzion.com/go/free-backlink-analysis-tool-for-seo\u000d\u000a\u000d\u000aDive into a detailed SEO backlink analysis now to enhan'),'مشاوره حقوقی, سوال حقوقی','Get a Free Backlink Report for Higher Traffic');
INSERT INTO lawfirm_question VALUES(52,'Invest in my Investment Program and Earn $5k monthly','invest-in-my-investment-program-and-earn-5k-monthly',unistr('Hi friends,\u000d\u000a\u000d\u000ai want to ask u invest in my program u need minimum 10k dollar , u can make 5k profit every month!\u000d\u000a\u000d\u000ai have very secret way if u interesting please book a call here:\u000d\u000a\u000d\u000amy calendly: https://profitparadigm.io/\u000d\u000amy email: support@profitparadigm.io\u000d\u000amy whatsapp: +13233172804\u000d\u000amy instagram: https://www.instagram.com/sauzetin\u000d\u000amy business facebook: https://www.facebook.com/profitparadigm.io\u000d\u000amy facebook: https://www.facebook.com/draustindo?mibextid=LQQJ4d\u000d\u000a\u000d\u000awaiting to see u asap if u want to make tons of money from my program.'),'کاربر','user@dadgan.com',0,0,0,1,'2025-12-01 21:48:31.179410','2025-12-01 21:48:31.179428',2,unistr('Hi friends,\u000d\u000a\u000d\u000ai want to ask u invest in my program u need minimum 10k dollar , u can make 5k profit every month!\u000d\u000a\u000d\u000ai have very secret way if u interesting ple'),'مشاوره حقوقی, سوال حقوقی','Invest in my Investment Program and Earn $5k monthly');
INSERT INTO lawfirm_question VALUES(53,'Benzinga offers free brand articles','benzinga-offers-free-brand-articles-1',unistr('Hey there,\u000d\u000a\u000d\u000aAre you boost your brand visibility, build trust, and gain exposure at no cost? We’re providing a free article on Benzinga, a platform with over 14M+ monthly visitors—a fantastic opportunity to increase your company’s visibility.\u000d\u000a\u000d\u000aThis deal is only available for the first 10 people who reply, so if you’d want to take advantage of your free Benzinga article, simply reply with ""YES, I would like to be featured in Benzinga!""\u000d\u000a\u000d\u000aI’d be excited to help your brand get the recognition it deserves.\u000d\u000a\u000d\u000aBest,  \u000d\u000aJonathan\u000d\u000a\u000d\u000a\u000d\u000a\u000d\u000a\u000d\u000aShould you don''t want to receive messages from us again, kindly reply back to this email saying the words: "No, thank you".'),'کاربر','user@dadgan.com',0,0,0,1,'2025-12-01 21:48:31.183021','2025-12-01 21:48:31.183038',2,unistr('Hey there,\u000d\u000a\u000d\u000aAre you boost your brand visibility, build trust, and gain exposure at no cost? We’re providing a free article on Benzinga, a platform with over 1'),'مشاوره حقوقی, سوال حقوقی','Benzinga offers free brand articles');
INSERT INTO lawfirm_question VALUES(54,'خرید اینترنتی','خرید-اینترنتی-1','من یک لپ‌تاپ استوک اینتنری خریداری کردم و وقتی دستگاه رسید به دستم متوجه شدم اونطور که فروشنده از دستگاه تعریف می‌کرده نیست و بعدش بهشون اعلام کردم که من از دستگاه خوشم نیومده و می‌خوام برگشت بزنم و قبول هم کردن بعد امروز دیگه گوشیشون رو برنمی‌دارن (البته 15 روز به بنده ظمانت بی قید و شرط دادن) الان هم نمیدونم چجور باید وارد عمل شم و پیگیری کنم','کاربر','user@dadgan.com',0,0,0,1,'2025-12-01 21:48:31.186514','2025-12-01 21:48:31.186527',2,'من یک لپ‌تاپ استوک اینتنری خریداری کردم و وقتی دستگاه رسید به دستم متوجه شدم اونطور که فروشنده از دستگاه تعریف می‌کرده نیست و بعدش بهشون اعلام کردم که من از دست','مشاوره حقوقی, سوال حقوقی','خرید اینترنتی');
INSERT INTO lawfirm_question VALUES(55,'Make Your Brand Prominent with a Complimentary Digital Journal Feature','make-your-brand-prominent-with-a-complimentary-digital-journal-feature',unistr('Hello,\u000d\u000a\u000d\u000aDo you want your business to gain the recognition it deserves?\u000d\u000a\u000d\u000aAt Global Wide PR, we help brands get featured on respected platforms like Digital Journal and major news affiliates such as FOX, NBC, CBS, and ABC. These placements increase trust, expand reach, and give your business the credibility it needs to grow.\u000d\u000a\u000d\u000aWe’re currently offering a free article on Digital Journal to show you the value of what we do. Imagine how much stronger your brand’s reputation could become with this kind of exposure.\u000d\u000a\u000d\u000aIf you’re interested, click the link below to sign up, and we’ll guide you through the process:\u000d\u000ahttps://bit.ly/globalwpr\u000d\u000a\u000d\u000aCheers,\u000d\u000aClaudine\u000d\u000aGlobal Wide PR\u000d\u000a\u000d\u000a\u000d\u000aIf you would like to stop receiving our emails, we’ve made it easy for you. Head over to https://bit.ly/removethelist and fill out the form with your website address.'),'کاربر','user@dadgan.com',0,0,0,1,'2025-12-01 21:48:31.189922','2025-12-01 21:48:31.189936',2,unistr('Hello,\u000d\u000a\u000d\u000aDo you want your business to gain the recognition it deserves?\u000d\u000a\u000d\u000aAt Global Wide PR, we help brands get featured on respected platforms like Digital J'),'مشاوره حقوقی, سوال حقوقی','Make Your Brand Prominent with a Complimentary Digital Journ');
INSERT INTO lawfirm_question VALUES(56,'درخواست همکاری','درخواست-همکاری-1',unistr('سلام و عرض ادب \u000d\u000aاشکان نقدی هستم وکیل پایه یک دادگستری ، کارشناسی ارشد حقوقی خصوصی ، مسلط به زبان انگلیسی هستم.\u000d\u000aدرخواست همکاری با مجموعه حقوقی شما را دارم.\u000d\u000a\u000d\u000aاگر امکانش هست بفرمایید خدمت برسم.\u000d\u000a\u000d\u000aبا تشکر'),'کاربر','user@dadgan.com',0,0,0,1,'2025-12-01 21:48:31.194000','2025-12-01 21:48:31.194040',2,unistr('سلام و عرض ادب \u000d\u000aاشکان نقدی هستم وکیل پایه یک دادگستری ، کارشناسی ارشد حقوقی خصوصی ، مسلط به زبان انگلیسی هستم.\u000d\u000aدرخواست همکاری با مجموعه حقوقی شما را دارم.\u000d\u000a\u000d\u000a'),'مشاوره حقوقی, سوال حقوقی','درخواست همکاری');
INSERT INTO lawfirm_question VALUES(57,'رابطه','رابطه-1','سلام من با یک آقایی رابطه داشتم 11 سال . و به من قول ازدواج داد . و با من رابطه جنسی برقرار میکرد . اما من را بدون دلیل رها کرد . من به طور جدی میخوام از ایشان شکایت و پیگیری قانونی کنم .میشه لطفا راهنماییم کنید.','کاربر','user@dadgan.com',0,0,0,1,'2025-12-01 21:48:31.198471','2025-12-01 21:48:31.198492',2,'سلام من با یک آقایی رابطه داشتم 11 سال . و به من قول ازدواج داد . و با من رابطه جنسی برقرار میکرد . اما من را بدون دلیل رها کرد . من به طور جدی میخوام از ایشان ','مشاوره حقوقی, سوال حقوقی','رابطه');
INSERT INTO lawfirm_question VALUES(58,'مانع در تأئیه دیون متوفی','مانع-در-تأئیه-دیون-متوفی-1',unistr('سلام و وقت بخیر.\u000d\u000aدر ارتباط با نحوه دریافت مبالغی که فرد متوفی از اشخاص حقوقی مثل شرکت های خصوصی و سازمان های دولتی طلب داره. از لحاظ منطقی، هر کدام از وراث، در صورتی که گواهی انحصار وراثت تهیه کرده باشن، قاعدتاً، باید بتونن با مراجعه به مثلاً واحد حقوقی یا واحد مالی یا حسابداری شرکت ها و سازمان ها، بر اساس اون گواهی، سهم خودشون رو جداگانه مطالبه و دریافت کنن. درست میگم؟\u000d\u000aاما چیزی که من در عمل باهاش مواجه شدم اینه که، هر جا که مراجعه میکنی، میگن که «باید» یک وکالت نامۀ محضری به نام یکی از ورثه تهیه بشه تا بدهی به اون فرد معین پرداخت بشه. فرایندی که هم زمان بره، هم هزینه مالی داره، و هم اینکه ممکنه در مواردی ورثه برای تهیه چنین وکالت نامه ای توافق نداشته باشن.\u000d\u000aآیا از نظر قانونی الزامی بر تهیه چنین وکالت نامه ای وجود داره؟ آیا توی چنین مواردی همون گواهی انحصار وراثت برای درخواست تأدیه دین کفایت نمیکنه؟\u000d\u000aبا تشکر.'),'کاربر','user@dadgan.com',0,0,0,1,'2025-12-01 21:48:31.201942','2025-12-01 21:48:31.201969',2,unistr('سلام و وقت بخیر.\u000d\u000aدر ارتباط با نحوه دریافت مبالغی که فرد متوفی از اشخاص حقوقی مثل شرکت های خصوصی و سازمان های دولتی طلب داره. از لحاظ منطقی، هر کدام از وراث، در'),'مشاوره حقوقی, سوال حقوقی','مانع در تأئیه دیون متوفی');
INSERT INTO lawfirm_question VALUES(59,'سوال حقوق دارم برای کسب مشاره حقوقی','سوال-حقوق-دارم-برای-کسب-مشاره-حقوقی-2','آیا می‌توانم از طریق وکیل، از حقوق خود در برابر شرکت بیمه‌ای که از پرداخت خسارت من خودداری کرده است، دفاع کنم؟','کاربر','user@dadgan.com',0,0,1,1,'2025-12-01 21:54:19.673447','2025-12-01 21:54:19.673462',2,'آیا می‌توانم از طریق وکیل، از حقوق خود در برابر شرکت بیمه‌ای که از پرداخت خسارت من خودداری کرده است، دفاع کنم؟','مشاوره حقوقی, سوال حقوقی','سوال حقوق دارم برای کسب مشاره حقوقی');
INSERT INTO lawfirm_question VALUES(60,'مهریه چطور به زن تعلق می‌گیره؟','مهریه-چطور-به-زن-تعلق-میگیره-2','من تازه عقد کردم، می‌خوام بدونم مهریه چطوری به زن تعلق می‌گیره؟','کاربر','user@dadgan.com',0,0,1,1,'2025-12-01 21:54:19.678982','2025-12-01 21:54:19.679009',2,'من تازه عقد کردم، می‌خوام بدونم مهریه چطوری به زن تعلق می‌گیره؟','مشاوره حقوقی, سوال حقوقی','مهریه چطور به زن تعلق می‌گیره؟');
INSERT INTO lawfirm_question VALUES(61,'چطور سفته رو اجرا بذارم؟','چطور-سفته-رو-اجرا-بذارم-2','یک سفته دستمه که تاریخش گذشته، حالا چطور می‌تونم اجراییه بگیرم؟','کاربر','user@dadgan.com',0,0,1,1,'2025-12-01 21:54:19.683448','2025-12-01 21:54:19.683471',2,'یک سفته دستمه که تاریخش گذشته، حالا چطور می‌تونم اجراییه بگیرم؟','مشاوره حقوقی, سوال حقوقی','چطور سفته رو اجرا بذارم؟');
INSERT INTO lawfirm_question VALUES(62,'برای ثبت شرکت چیکار باید بکنم؟','برای-ثبت-شرکت-چیکار-باید-بکنم-2','می‌خوام یه شرکت بزنم ولی نمی‌دونم مراحلش چیه؟','کاربر','user@dadgan.com',0,0,1,1,'2025-12-01 21:54:19.687063','2025-12-01 21:54:19.687079',2,'می‌خوام یه شرکت بزنم ولی نمی‌دونم مراحلش چیه؟','مشاوره حقوقی, سوال حقوقی','برای ثبت شرکت چیکار باید بکنم؟');
INSERT INTO lawfirm_question VALUES(63,'چطور می‌تونم حق طلاق بگیرم؟','چطور-میتونم-حق-طلاق-بگیرم-2','شوهرم نمی‌خواد من رو طلاق بده. من چطور می‌تونم حق طلاق بگیرم؟','کاربر','user@dadgan.com',0,0,1,1,'2025-12-01 21:54:19.690896','2025-12-01 21:54:19.690915',2,'شوهرم نمی‌خواد من رو طلاق بده. من چطور می‌تونم حق طلاق بگیرم؟','مشاوره حقوقی, سوال حقوقی','چطور می‌تونم حق طلاق بگیرم؟');
INSERT INTO lawfirm_question VALUES(64,'چطور می‌تونم از شوهرم نفقه بگیرم؟','چطور-میتونم-از-شوهرم-نفقه-بگیرم-2','شوهرم مدتیه که نفقه نمی‌ده. چطور می‌تونم حقمو بگیرم؟','کاربر','user@dadgan.com',0,0,1,1,'2025-12-01 21:54:19.694855','2025-12-01 21:54:19.694872',2,'شوهرم مدتیه که نفقه نمی‌ده. چطور می‌تونم حقمو بگیرم؟','مشاوره حقوقی, سوال حقوقی','چطور می‌تونم از شوهرم نفقه بگیرم؟');
INSERT INTO lawfirm_question VALUES(65,'چک برگشتی رو چطور باید پیگیری کنم؟','چک-برگشتی-رو-چطور-باید-پیگیری-کنم-2','یک چک برگشتی دارم، چطور می‌تونم ازش شکایت کنم؟','کاربر','user@dadgan.com',0,0,1,1,'2025-12-01 21:54:19.699753','2025-12-01 21:54:19.699776',2,'یک چک برگشتی دارم، چطور می‌تونم ازش شکایت کنم؟','مشاوره حقوقی, سوال حقوقی','چک برگشتی رو چطور باید پیگیری کنم؟');
INSERT INTO lawfirm_question VALUES(66,'دیه چیه و چطور محاسبه میشه؟','دیه-چیه-و-چطور-محاسبه-میشه-2','دیه دقیقاً چیه و چطور حساب میشه؟','کاربر','user@dadgan.com',0,0,1,1,'2025-12-01 21:54:19.704621','2025-12-01 21:54:19.704642',2,'دیه دقیقاً چیه و چطور حساب میشه؟','مشاوره حقوقی, سوال حقوقی','دیه چیه و چطور محاسبه میشه؟');
INSERT INTO lawfirm_question VALUES(67,'کسی که اجاره‌خونه نده رو چطور میشه بیرون کرد؟','کسی-که-اجارهخونه-نده-رو-چطور-میشه-بیرون-کرد-2','مستاجرم چند ماهه اجاره نداده، چطور می‌تونم قانونی بیرونش کنم؟','کاربر','user@dadgan.com',0,0,1,1,'2025-12-01 21:54:19.708710','2025-12-01 21:54:19.708728',2,'مستاجرم چند ماهه اجاره نداده، چطور می‌تونم قانونی بیرونش کنم؟','مشاوره حقوقی, سوال حقوقی','کسی که اجاره‌خونه نده رو چطور میشه بیرون کرد؟');
INSERT INTO lawfirm_question VALUES(68,'سهم الارث چطور تقسیم میشه؟','سهم-الارث-چطور-تقسیم-میشه-2','بعد از فوت پدرم، ما چند تا وارثیم. چطور سهم الارث تقسیم میشه؟','کاربر','user@dadgan.com',0,0,1,1,'2025-12-01 21:54:19.712942','2025-12-01 21:54:19.712966',2,'بعد از فوت پدرم، ما چند تا وارثیم. چطور سهم الارث تقسیم میشه؟','مشاوره حقوقی, سوال حقوقی','سهم الارث چطور تقسیم میشه؟');
INSERT INTO lawfirm_question VALUES(69,'اگر کارفرما حقوق نده باید چیکار کنم؟','اگر-کارفرما-حقوق-نده-باید-چیکار-کنم-2','چند ماهه کارفرمام حقوق نداده. می‌تونم شکایت کنم؟','کاربر','user@dadgan.com',0,0,1,1,'2025-12-01 21:54:19.717170','2025-12-01 21:54:19.717189',2,'چند ماهه کارفرمام حقوق نداده. می‌تونم شکایت کنم؟','مشاوره حقوقی, سوال حقوقی','اگر کارفرما حقوق نده باید چیکار کنم؟');
INSERT INTO lawfirm_question VALUES(70,'مهریه عندالمطالبه یعنی چی؟','مهریه-عندالمطالبه-یعنی-چی-2','مهریه من عندالمطالبه‌ست. یعنی چی؟','کاربر','user@dadgan.com',0,0,1,1,'2025-12-01 21:54:19.721342','2025-12-01 21:54:19.721364',2,'مهریه من عندالمطالبه‌ست. یعنی چی؟','مشاوره حقوقی, سوال حقوقی','مهریه عندالمطالبه یعنی چی؟');
INSERT INTO lawfirm_question VALUES(71,'گواهی عدم سازش چیه؟','گواهی-عدم-سازش-چیه-2','برای طلاق به من گفتن باید گواهی عدم سازش بگیرم. این چیه؟','کاربر','user@dadgan.com',0,0,1,1,'2025-12-01 21:54:19.725486','2025-12-01 21:54:19.725505',2,'برای طلاق به من گفتن باید گواهی عدم سازش بگیرم. این چیه؟','مشاوره حقوقی, سوال حقوقی','گواهی عدم سازش چیه؟');
INSERT INTO lawfirm_question VALUES(72,'چطور حضانت بچه رو بگیرم؟','چطور-حضانت-بچه-رو-بگیرم-2','من از شوهرم جدا شدم. چطور می‌تونم حضانت بچه‌ام رو بگیرم؟','کاربر','user@dadgan.com',0,0,1,1,'2025-12-01 21:54:19.729818','2025-12-01 21:54:19.729856',2,'من از شوهرم جدا شدم. چطور می‌تونم حضانت بچه‌ام رو بگیرم؟','مشاوره حقوقی, سوال حقوقی','چطور حضانت بچه رو بگیرم؟');
INSERT INTO lawfirm_question VALUES(73,'اجرت‌المثل چیه؟','اجرتالمثل-چیه-2','اجرت‌المثل یعنی چی و چطور به زن تعلق می‌گیره؟','کاربر','user@dadgan.com',0,0,1,1,'2025-12-01 21:54:19.734511','2025-12-01 21:54:19.734534',2,'اجرت‌المثل یعنی چی و چطور به زن تعلق می‌گیره؟','مشاوره حقوقی, سوال حقوقی','اجرت‌المثل چیه؟');
INSERT INTO lawfirm_question VALUES(74,'کارت پایان خدمت نداشته باشم می‌تونم پاسپورت بگیرم؟','کارت-پایان-خدمت-نداشته-باشم-میتونم-پاسپورت-بگیرم-2','من هنوز کارت پایان خدمت ندارم. می‌تونم پاسپورت بگیرم؟','کاربر','user@dadgan.com',0,0,1,1,'2025-12-01 21:54:19.738330','2025-12-01 21:54:19.738348',2,'من هنوز کارت پایان خدمت ندارم. می‌تونم پاسپورت بگیرم؟','مشاوره حقوقی, سوال حقوقی','کارت پایان خدمت نداشته باشم می‌تونم پاسپورت بگیرم؟');
INSERT INTO lawfirm_question VALUES(75,'پرداخت حق بیمه چطوریه؟','پرداخت-حق-بیمه-چطوریه-2','کارفرما تا حالا برام بیمه رد نکرده. باید چیکار کنم؟','کاربر','user@dadgan.com',0,0,1,1,'2025-12-01 21:54:19.741610','2025-12-01 21:54:19.741623',2,'کارفرما تا حالا برام بیمه رد نکرده. باید چیکار کنم؟','مشاوره حقوقی, سوال حقوقی','پرداخت حق بیمه چطوریه؟');
INSERT INTO lawfirm_question VALUES(76,'چطور می‌تونم علیه مزاحم تلفنی اقدام کنم؟','چطور-میتونم-علیه-مزاحم-تلفنی-اقدام-کنم-2','یه نفر مدام به من زنگ می‌زنه و مزاحمم میشه. چطور می‌تونم ازش شکایت کنم؟','کاربر','user@dadgan.com',0,0,1,1,'2025-12-01 21:54:19.744858','2025-12-01 21:54:19.744874',2,'یه نفر مدام به من زنگ می‌زنه و مزاحمم میشه. چطور می‌تونم ازش شکایت کنم؟','مشاوره حقوقی, سوال حقوقی','چطور می‌تونم علیه مزاحم تلفنی اقدام کنم؟');
INSERT INTO lawfirm_question VALUES(77,'کیس پناهندگی چیه؟','کیس-پناهندگی-چیه-2','پناهندگی یعنی چی و چطور می‌تونم کیس پناهندگی بگیرم؟','کاربر','user@dadgan.com',0,0,1,1,'2025-12-01 21:54:19.749082','2025-12-01 21:54:19.749103',2,'پناهندگی یعنی چی و چطور می‌تونم کیس پناهندگی بگیرم؟','مشاوره حقوقی, سوال حقوقی','کیس پناهندگی چیه؟');
INSERT INTO lawfirm_question VALUES(78,'چطور می‌تونم تابعیت ایران بگیرم؟','چطور-میتونم-تابعیت-ایران-بگیرم-2','من خارجی هستم و می‌خوام تابعیت ایران رو بگیرم. مراحلش چیه؟','کاربر','user@dadgan.com',0,0,1,1,'2025-12-01 21:54:19.752791','2025-12-01 21:54:19.752807',2,'من خارجی هستم و می‌خوام تابعیت ایران رو بگیرم. مراحلش چیه؟','مشاوره حقوقی, سوال حقوقی','چطور می‌تونم تابعیت ایران بگیرم؟');
INSERT INTO lawfirm_question VALUES(79,'اگر تصادف کنم و بیمه نداشته باشم چی میشه؟','اگر-تصادف-کنم-و-بیمه-نداشته-باشم-چی-میشه-2','اگه تصادف کنم و بیمه نداشته باشم، چه مشکلاتی پیش میاد؟','کاربر','user@dadgan.com',0,0,1,1,'2025-12-01 21:54:19.757271','2025-12-01 21:54:19.757292',2,'اگه تصادف کنم و بیمه نداشته باشم، چه مشکلاتی پیش میاد؟','مشاوره حقوقی, سوال حقوقی','اگر تصادف کنم و بیمه نداشته باشم چی میشه؟');
INSERT INTO lawfirm_question VALUES(80,'Get a Free Backlink Report for Higher Traffic','get-a-free-backlink-report-for-higher-traffic-2',unistr('Claim your free backlink analysis now!\u000d\u000a\u000d\u000ahttps://aluzzion.com/go/free-backlink-analysis-tool-for-seo\u000d\u000a\u000d\u000aDive into a detailed SEO backlink analysis now to enhance your digital strategy! It’s like checking the backbone of your online presence for stability and growth. Discover the credibility your site commands, and transform your backlink profile into a roadmap for better search engine rankings and increased traffic. Detect harmful links to remove and seize opportunities for powerful link-building.\u000d\u000a\u000d\u000aThis allows for multiple variations of the message while maintaining clarity and intent.\u000d\u000a\u000d\u000a\u000d\u000a\u000d\u000a\u000d\u000a\u000d\u000a\u000d\u000aYou can unsubscribe by sending an email with subject "Unsubscribe" to hortzsteven@gmail.com\u000d\u000a58 Capper Street, Madera, CA, US'),'کاربر','user@dadgan.com',0,0,0,1,'2025-12-01 21:54:19.761685','2025-12-01 21:54:19.761712',2,unistr('Claim your free backlink analysis now!\u000d\u000a\u000d\u000ahttps://aluzzion.com/go/free-backlink-analysis-tool-for-seo\u000d\u000a\u000d\u000aDive into a detailed SEO backlink analysis now to enhan'),'مشاوره حقوقی, سوال حقوقی','Get a Free Backlink Report for Higher Traffic');
INSERT INTO lawfirm_question VALUES(81,'Invest in my Investment Program and Earn $5k monthly','invest-in-my-investment-program-and-earn-5k-monthly-1',unistr('Hi friends,\u000d\u000a\u000d\u000ai want to ask u invest in my program u need minimum 10k dollar , u can make 5k profit every month!\u000d\u000a\u000d\u000ai have very secret way if u interesting please book a call here:\u000d\u000a\u000d\u000amy calendly: https://profitparadigm.io/\u000d\u000amy email: support@profitparadigm.io\u000d\u000amy whatsapp: +13233172804\u000d\u000amy instagram: https://www.instagram.com/sauzetin\u000d\u000amy business facebook: https://www.facebook.com/profitparadigm.io\u000d\u000amy facebook: https://www.facebook.com/draustindo?mibextid=LQQJ4d\u000d\u000a\u000d\u000awaiting to see u asap if u want to make tons of money from my program.'),'کاربر','user@dadgan.com',0,0,0,1,'2025-12-01 21:54:19.767189','2025-12-01 21:54:19.767215',2,unistr('Hi friends,\u000d\u000a\u000d\u000ai want to ask u invest in my program u need minimum 10k dollar , u can make 5k profit every month!\u000d\u000a\u000d\u000ai have very secret way if u interesting ple'),'مشاوره حقوقی, سوال حقوقی','Invest in my Investment Program and Earn $5k monthly');
INSERT INTO lawfirm_question VALUES(82,'Benzinga offers free brand articles','benzinga-offers-free-brand-articles-2',unistr('Hey there,\u000d\u000a\u000d\u000aAre you boost your brand visibility, build trust, and gain exposure at no cost? We’re providing a free article on Benzinga, a platform with over 14M+ monthly visitors—a fantastic opportunity to increase your company’s visibility.\u000d\u000a\u000d\u000aThis deal is only available for the first 10 people who reply, so if you’d want to take advantage of your free Benzinga article, simply reply with ""YES, I would like to be featured in Benzinga!""\u000d\u000a\u000d\u000aI’d be excited to help your brand get the recognition it deserves.\u000d\u000a\u000d\u000aBest,  \u000d\u000aJonathan\u000d\u000a\u000d\u000a\u000d\u000a\u000d\u000a\u000d\u000aShould you don''t want to receive messages from us again, kindly reply back to this email saying the words: "No, thank you".'),'کاربر','user@dadgan.com',0,0,0,1,'2025-12-01 21:54:19.771371','2025-12-01 21:54:19.771388',2,unistr('Hey there,\u000d\u000a\u000d\u000aAre you boost your brand visibility, build trust, and gain exposure at no cost? We’re providing a free article on Benzinga, a platform with over 1'),'مشاوره حقوقی, سوال حقوقی','Benzinga offers free brand articles');
INSERT INTO lawfirm_question VALUES(83,'خرید اینترنتی','خرید-اینترنتی-2','من یک لپ‌تاپ استوک اینتنری خریداری کردم و وقتی دستگاه رسید به دستم متوجه شدم اونطور که فروشنده از دستگاه تعریف می‌کرده نیست و بعدش بهشون اعلام کردم که من از دستگاه خوشم نیومده و می‌خوام برگشت بزنم و قبول هم کردن بعد امروز دیگه گوشیشون رو برنمی‌دارن (البته 15 روز به بنده ظمانت بی قید و شرط دادن) الان هم نمیدونم چجور باید وارد عمل شم و پیگیری کنم','کاربر','user@dadgan.com',0,0,0,1,'2025-12-01 21:54:19.775062','2025-12-01 21:54:19.775075',2,'من یک لپ‌تاپ استوک اینتنری خریداری کردم و وقتی دستگاه رسید به دستم متوجه شدم اونطور که فروشنده از دستگاه تعریف می‌کرده نیست و بعدش بهشون اعلام کردم که من از دست','مشاوره حقوقی, سوال حقوقی','خرید اینترنتی');
INSERT INTO lawfirm_question VALUES(84,'Make Your Brand Prominent with a Complimentary Digital Journal Feature','make-your-brand-prominent-with-a-complimentary-digital-journal-feature-1',unistr('Hello,\u000d\u000a\u000d\u000aDo you want your business to gain the recognition it deserves?\u000d\u000a\u000d\u000aAt Global Wide PR, we help brands get featured on respected platforms like Digital Journal and major news affiliates such as FOX, NBC, CBS, and ABC. These placements increase trust, expand reach, and give your business the credibility it needs to grow.\u000d\u000a\u000d\u000aWe’re currently offering a free article on Digital Journal to show you the value of what we do. Imagine how much stronger your brand’s reputation could become with this kind of exposure.\u000d\u000a\u000d\u000aIf you’re interested, click the link below to sign up, and we’ll guide you through the process:\u000d\u000ahttps://bit.ly/globalwpr\u000d\u000a\u000d\u000aCheers,\u000d\u000aClaudine\u000d\u000aGlobal Wide PR\u000d\u000a\u000d\u000a\u000d\u000aIf you would like to stop receiving our emails, we’ve made it easy for you. Head over to https://bit.ly/removethelist and fill out the form with your website address.'),'کاربر','user@dadgan.com',0,0,0,1,'2025-12-01 21:54:19.778445','2025-12-01 21:54:19.778458',2,unistr('Hello,\u000d\u000a\u000d\u000aDo you want your business to gain the recognition it deserves?\u000d\u000a\u000d\u000aAt Global Wide PR, we help brands get featured on respected platforms like Digital J'),'مشاوره حقوقی, سوال حقوقی','Make Your Brand Prominent with a Complimentary Digital Journ');
INSERT INTO lawfirm_question VALUES(85,'درخواست همکاری','درخواست-همکاری-2',unistr('سلام و عرض ادب \u000d\u000aاشکان نقدی هستم وکیل پایه یک دادگستری ، کارشناسی ارشد حقوقی خصوصی ، مسلط به زبان انگلیسی هستم.\u000d\u000aدرخواست همکاری با مجموعه حقوقی شما را دارم.\u000d\u000a\u000d\u000aاگر امکانش هست بفرمایید خدمت برسم.\u000d\u000a\u000d\u000aبا تشکر'),'کاربر','user@dadgan.com',0,0,0,1,'2025-12-01 21:54:19.782993','2025-12-01 21:54:19.783012',2,unistr('سلام و عرض ادب \u000d\u000aاشکان نقدی هستم وکیل پایه یک دادگستری ، کارشناسی ارشد حقوقی خصوصی ، مسلط به زبان انگلیسی هستم.\u000d\u000aدرخواست همکاری با مجموعه حقوقی شما را دارم.\u000d\u000a\u000d\u000a'),'مشاوره حقوقی, سوال حقوقی','درخواست همکاری');
INSERT INTO lawfirm_question VALUES(86,'رابطه','رابطه-2','سلام من با یک آقایی رابطه داشتم 11 سال . و به من قول ازدواج داد . و با من رابطه جنسی برقرار میکرد . اما من را بدون دلیل رها کرد . من به طور جدی میخوام از ایشان شکایت و پیگیری قانونی کنم .میشه لطفا راهنماییم کنید.','کاربر','user@dadgan.com',0,0,0,1,'2025-12-01 21:54:19.786822','2025-12-01 21:54:19.786838',2,'سلام من با یک آقایی رابطه داشتم 11 سال . و به من قول ازدواج داد . و با من رابطه جنسی برقرار میکرد . اما من را بدون دلیل رها کرد . من به طور جدی میخوام از ایشان ','مشاوره حقوقی, سوال حقوقی','رابطه');
INSERT INTO lawfirm_question VALUES(87,'مانع در تأئیه دیون متوفی','مانع-در-تأئیه-دیون-متوفی-2',unistr('سلام و وقت بخیر.\u000d\u000aدر ارتباط با نحوه دریافت مبالغی که فرد متوفی از اشخاص حقوقی مثل شرکت های خصوصی و سازمان های دولتی طلب داره. از لحاظ منطقی، هر کدام از وراث، در صورتی که گواهی انحصار وراثت تهیه کرده باشن، قاعدتاً، باید بتونن با مراجعه به مثلاً واحد حقوقی یا واحد مالی یا حسابداری شرکت ها و سازمان ها، بر اساس اون گواهی، سهم خودشون رو جداگانه مطالبه و دریافت کنن. درست میگم؟\u000d\u000aاما چیزی که من در عمل باهاش مواجه شدم اینه که، هر جا که مراجعه میکنی، میگن که «باید» یک وکالت نامۀ محضری به نام یکی از ورثه تهیه بشه تا بدهی به اون فرد معین پرداخت بشه. فرایندی که هم زمان بره، هم هزینه مالی داره، و هم اینکه ممکنه در مواردی ورثه برای تهیه چنین وکالت نامه ای توافق نداشته باشن.\u000d\u000aآیا از نظر قانونی الزامی بر تهیه چنین وکالت نامه ای وجود داره؟ آیا توی چنین مواردی همون گواهی انحصار وراثت برای درخواست تأدیه دین کفایت نمیکنه؟\u000d\u000aبا تشکر.'),'کاربر','user@dadgan.com',5,0,0,1,'2025-12-01 21:54:19.790759','2025-12-01 21:54:19.790782',2,unistr('سلام و وقت بخیر.\u000d\u000aدر ارتباط با نحوه دریافت مبالغی که فرد متوفی از اشخاص حقوقی مثل شرکت های خصوصی و سازمان های دولتی طلب داره. از لحاظ منطقی، هر کدام از وراث، در'),'مشاوره حقوقی, سوال حقوقی','مانع در تأئیه دیون متوفی');
PRAGMA writable_schema=ON;
CREATE TABLE IF NOT EXISTS sqlite_sequence(name,seq);
DELETE FROM sqlite_sequence;
INSERT INTO sqlite_sequence VALUES('django_migrations',20);
INSERT INTO sqlite_sequence VALUES('django_admin_log',0);
INSERT INTO sqlite_sequence VALUES('django_content_type',16);
INSERT INTO sqlite_sequence VALUES('auth_permission',64);
INSERT INTO sqlite_sequence VALUES('auth_group',0);
INSERT INTO sqlite_sequence VALUES('auth_user',1);
INSERT INTO sqlite_sequence VALUES('lawfirm_qacategory',2);
INSERT INTO sqlite_sequence VALUES('lawfirm_answer',63);
INSERT INTO sqlite_sequence VALUES('lawfirm_blogpost',16);
INSERT INTO sqlite_sequence VALUES('lawfirm_question',87);
INSERT INTO sqlite_sequence VALUES('lawfirm_category',7);
CREATE UNIQUE INDEX "auth_group_permissions_group_id_permission_id_0cd325b0_uniq" ON "auth_group_permissions" ("group_id", "permission_id");
CREATE INDEX "auth_group_permissions_group_id_b120cbf9" ON "auth_group_permissions" ("group_id");
CREATE INDEX "auth_group_permissions_permission_id_84c5c92e" ON "auth_group_permissions" ("permission_id");
CREATE UNIQUE INDEX "auth_user_groups_user_id_group_id_94350c0c_uniq" ON "auth_user_groups" ("user_id", "group_id");
CREATE INDEX "auth_user_groups_user_id_6a12ed8b" ON "auth_user_groups" ("user_id");
CREATE INDEX "auth_user_groups_group_id_97559544" ON "auth_user_groups" ("group_id");
CREATE UNIQUE INDEX "auth_user_user_permissions_user_id_permission_id_14a6b632_uniq" ON "auth_user_user_permissions" ("user_id", "permission_id");
CREATE INDEX "auth_user_user_permissions_user_id_a95ead1b" ON "auth_user_user_permissions" ("user_id");
CREATE INDEX "auth_user_user_permissions_permission_id_1fbb5f2c" ON "auth_user_user_permissions" ("permission_id");
CREATE INDEX "django_admin_log_content_type_id_c4bce8eb" ON "django_admin_log" ("content_type_id");
CREATE INDEX "django_admin_log_user_id_c564eba6" ON "django_admin_log" ("user_id");
CREATE UNIQUE INDEX "django_content_type_app_label_model_76bd3d3b_uniq" ON "django_content_type" ("app_label", "model");
CREATE UNIQUE INDEX "auth_permission_content_type_id_codename_01ab375a_uniq" ON "auth_permission" ("content_type_id", "codename");
CREATE INDEX "auth_permission_content_type_id_2f476e4b" ON "auth_permission" ("content_type_id");
CREATE INDEX "lawfirm_consultationrequest_consultation_type_id_1ff452b3" ON "lawfirm_consultationrequest" ("consultation_type_id");
CREATE INDEX "lawfirm_answer_question_id_924147af" ON "lawfirm_answer" ("question_id");
CREATE INDEX "django_session_expire_date_a5c62663" ON "django_session" ("expire_date");
CREATE INDEX "lawfirm_blogpost_author_id_1d005777" ON "lawfirm_blogpost" ("author_id");
CREATE INDEX "lawfirm_blogpost_category_id_b400ef48" ON "lawfirm_blogpost" ("category_id");
CREATE INDEX "lawfirm_question_category_id_c588f266" ON "lawfirm_question" ("category_id");
PRAGMA writable_schema=OFF;
COMMIT;
