[
{
  "model": "auth.user",
  "fields": {
    "password": "pbkdf2_sha256$600000$SvuUGtrZWREfpzonLMwtpU$T/VWfZiWN2pAy4WqsGAplOGtBxWFhmeKPZMc4hUPItk=",
    "last_login": "2025-12-04T22:51:39.089Z",
    "is_superuser": true,
    "username": "admin",
    "first_name": "",
    "last_name": "",
    "email": "admin@dadgan.com",
    "is_staff": true,
    "is_active": true,
    "date_joined": "2025-12-01T20:58:19.123Z",
    "groups": [],
    "user_permissions": []
  }
},
{
  "model": "auth.user",
  "fields": {
    "password": "pbkdf2_sha256$600000$ICWjaLqITtH9VtxY2XMjnR$dGzl28wk9qiQXcgWA4QUCgkhZKzppttRRkwHjsFzb7c=",
    "last_login": "2025-12-04T22:53:40.134Z",
    "is_superuser": false,
    "username": "user",
    "first_name": "",
    "last_name": "",
    "email": "user@example.com",
    "is_staff": false,
    "is_active": true,
    "date_joined": "2025-12-04T22:43:38.283Z",
    "groups": [],
    "user_permissions": []
  }
},
{
  "model": "lawfirm.category",
  "pk": 1,
  "fields": {
    "name": "مشاوره حقوقی خانوادگی",
    "slug": "مشاوره-حقوقی-خانوادگی",
    "description": "",
    "created_at": "2025-12-01T21:18:56.035Z"
  }
},
{
  "model": "lawfirm.category",
  "pk": 2,
  "fields": {
    "name": "حقوق کار",
    "slug": "حقوق-کار",
    "description": "",
    "created_at": "2025-12-01T21:18:56.044Z"
  }
},
{
  "model": "lawfirm.category",
  "pk": 3,
  "fields": {
    "name": "حقوق تجاری",
    "slug": "حقوق-تجاری",
    "description": "",
    "created_at": "2025-12-01T21:18:56.049Z"
  }
},
{
  "model": "lawfirm.category",
  "pk": 4,
  "fields": {
    "name": "حقوق ملکی",
    "slug": "حقوق-ملکی",
    "description": "",
    "created_at": "2025-12-01T21:18:56.056Z"
  }
},
{
  "model": "lawfirm.category",
  "pk": 5,
  "fields": {
    "name": "دفاع قانونی",
    "slug": "دفاع-قانونی",
    "description": "",
    "created_at": "2025-12-01T21:18:56.063Z"
  }
},
{
  "model": "lawfirm.category",
  "pk": 6,
  "fields": {
    "name": "مشاوره عمومی",
    "slug": "مشاوره-عمومی",
    "description": "",
    "created_at": "2025-12-01T21:18:56.068Z"
  }
},
{
  "model": "lawfirm.category",
  "pk": 7,
  "fields": {
    "name": "عمومی",
    "slug": "general",
    "description": "مقالات عمومی حقوقی",
    "created_at": "2025-12-01T21:43:02.224Z"
  }
},
{
  "model": "lawfirm.category",
  "pk": 8,
  "fields": {
    "name": "حقوق خانواده",
    "slug": "family-law",
    "description": "مقالات مربوط به حقوق خانواده، طلاق، نفقه و ...",
    "created_at": "2025-12-04T21:41:27.950Z"
  }
},
{
  "model": "lawfirm.category",
  "pk": 9,
  "fields": {
    "name": "حقوق کیفری",
    "slug": "criminal-law",
    "description": "مقالات مربوط به جرائم، دفاع و ...",
    "created_at": "2025-12-04T21:41:27.953Z"
  }
},
{
  "model": "lawfirm.category",
  "pk": 10,
  "fields": {
    "name": "حقوق ملکی",
    "slug": "property-law",
    "description": "مقالات مربوط به املاک و مستغلات",
    "created_at": "2025-12-04T21:41:27.955Z"
  }
},
{
  "model": "lawfirm.category",
  "pk": 11,
  "fields": {
    "name": "حقوق تجاری",
    "slug": "commercial-law",
    "description": "مقالات مربوط به شرکت‌ها و قراردادهای تجاری",
    "created_at": "2025-12-04T21:41:27.958Z"
  }
},
{
  "model": "lawfirm.blogpost",
  "pk": 1,
  "fields": {
    "title": "مشاوره حقوقی آنلاین برای مسائل خانوادگی",
    "slug": "مشاوره-حقوقی-آنلاین-برای-مسائل-خانوادگی",
    "author": [
      "admin"
    ],
    "category": 1,
    "excerpt": "موسسه حقوقی ما با تجربه بیش از ۲۰ سال در زمینه مسائل خانوادگی، به شما کمک می‌کند.\n\nمسائلی مثل:\n• طلاق و تقسیم اموال\n• حضانت فرزندان\n• نفقه و نفقه دائمی\n• فسخ عقد ازدواج\n\nتیم متخصص ما آماده است تا بهترین راهکار را برای شرایط خاص شما پیدا کند.\n\nتماس بگیرید برای یک جلسه مشاوره رایگان امروز!",
    "content": "موسسه حقوقی ما با تجربه بیش از ۲۰ سال در زمینه مسائل خانوادگی، به شما کمک می‌کند.\n\nمسائلی مثل:\n• طلاق و تقسیم اموال\n• حضانت فرزندان\n• نفقه و نفقه دائمی\n• فسخ عقد ازدواج\n\nتیم متخصص ما آماده است تا بهترین راهکار را برای شرایط خاص شما پیدا کند.\n\nتماس بگیرید برای یک جلسه مشاوره رایگان امروز!",
    "image": "",
    "published": true,
    "featured": true,
    "views": 1,
    "created_at": "2025-12-01T21:18:56.040Z",
    "updated_at": "2025-12-01T21:18:56.040Z",
    "seo_title": "مشاوره حقوقی آنلاین مسائل خانوادگی | موسسه حقوقی دادگان",
    "seo_description": "مشاوره حقوقی تخصصی در مسائل خانوادگی، طلاق و حضانت از بهترین وکلای خانوادگی",
    "seo_keywords": "مشاوره حقوقی، وکیل خانوادگی، طلاق، حضانت فرزندان"
  }
},
{
  "model": "lawfirm.blogpost",
  "pk": 2,
  "fields": {
    "title": "حقوق کار و بیمه اجتماعی",
    "slug": "حقوق-کار-و-بیمه-اجتماعی",
    "author": [
      "admin"
    ],
    "category": 2,
    "excerpt": "شرکت های بزرگ و کارفرمایان باید از حقوق کارگران محافظت کنند.\n\nما در زمینه‌های زیر کمک می‌کنیم:\n• قرارداد کار\n• غرامت و جبران خسارت\n• بیمه اجتماعی\n• اخراج غیرقانونی\n• مسائل حقوقی کارگاه و کارخانه\n\nتیم وکلای کار ما از حقوق کارگران و کارفرمایان دفاع می‌کند.",
    "content": "شرکت های بزرگ و کارفرمایان باید از حقوق کارگران محافظت کنند.\n\nما در زمینه‌های زیر کمک می‌کنیم:\n• قرارداد کار\n• غرامت و جبران خسارت\n• بیمه اجتماعی\n• اخراج غیرقانونی\n• مسائل حقوقی کارگاه و کارخانه\n\nتیم وکلای کار ما از حقوق کارگران و کارفرمایان دفاع می‌کند.",
    "image": "",
    "published": true,
    "featured": true,
    "views": 0,
    "created_at": "2025-12-01T21:18:56.047Z",
    "updated_at": "2025-12-01T21:18:56.047Z",
    "seo_title": "وکیل حقوق کار و بیمه اجتماعی | موسسه حقوقی دادگان",
    "seo_description": "خدمات حقوقی کار، قرارداد کار، غرامت و مسائل بیمه اجتماعی",
    "seo_keywords": "حقوق کار، وکیل کار، قرارداد کار، بیمه اجتماعی"
  }
},
{
  "model": "lawfirm.blogpost",
  "pk": 3,
  "fields": {
    "title": "حقوق تجاری و ثبت شرکت",
    "slug": "حقوق-تجاری-و-ثبت-شرکت",
    "author": [
      "admin"
    ],
    "category": 3,
    "excerpt": "آغاز یک کسب و کار جدید نیازمند مشاوره حقوقی است.\n\nخدمات تجاری ما شامل:\n• ثبت شرکت\n• قراردادهای تجاری\n• مسائل شراکت\n• بدهی و دیون تجاری\n• حل اختلافات تجاری\n\nمتخصصین ما با تجربه در حوزه حقوق تجاری و بازرگانی، راهنمایی مناسبی انجام می‌دهند.",
    "content": "آغاز یک کسب و کار جدید نیازمند مشاوره حقوقی است.\n\nخدمات تجاری ما شامل:\n• ثبت شرکت\n• قراردادهای تجاری\n• مسائل شراکت\n• بدهی و دیون تجاری\n• حل اختلافات تجاری\n\nمتخصصین ما با تجربه در حوزه حقوق تجاری و بازرگانی، راهنمایی مناسبی انجام می‌دهند.",
    "image": "",
    "published": true,
    "featured": true,
    "views": 0,
    "created_at": "2025-12-01T21:18:56.053Z",
    "updated_at": "2025-12-01T21:18:56.053Z",
    "seo_title": "وکیل حقوق تجاری و ثبت شرکت | موسسه حقوقی دادگان",
    "seo_description": "خدمات حقوقی تجاری، ثبت شرکت، قرارداد تجاری و حل اختلافات",
    "seo_keywords": "حقوق تجاری، ثبت شرکت، قرارداد تجاری، حقوق بازرگانی"
  }
},
{
  "model": "lawfirm.blogpost",
  "pk": 4,
  "fields": {
    "title": "مسائل ملکی و معاملات رسمی",
    "slug": "مسائل-ملکی-و-معاملات-رسمی",
    "author": [
      "admin"
    ],
    "category": 4,
    "excerpt": "خریدوفروش ملک و معاملات رسمی نیازمند تحقیق حقوقی دقیق است.\n\nما در موارد زیر خدمت می‌دهیم:\n• خریدوفروش ملک\n• اجاره و استیجار\n• رهن و وام ملکی\n• تقسیم ارث\n• معاملات رسمی\n\nوکلای ملکی ما از حقوق شما در تمام مراحل معاملات حفاظت می‌کنند.",
    "content": "خریدوفروش ملک و معاملات رسمی نیازمند تحقیق حقوقی دقیق است.\n\nما در موارد زیر خدمت می‌دهیم:\n• خریدوفروش ملک\n• اجاره و استیجار\n• رهن و وام ملکی\n• تقسیم ارث\n• معاملات رسمی\n\nوکلای ملکی ما از حقوق شما در تمام مراحل معاملات حفاظت می‌کنند.",
    "image": "",
    "published": true,
    "featured": false,
    "views": 0,
    "created_at": "2025-12-01T21:18:56.059Z",
    "updated_at": "2025-12-01T21:18:56.059Z",
    "seo_title": "وکیل ملکی و معاملات رسمی | موسسه حقوقی دادگان",
    "seo_description": "خدمات حقوقی ملکی، خریدوفروش ملک و معاملات رسمی",
    "seo_keywords": "وکیل ملکی، خریدوفروش ملک، معاملات رسمی، رهن"
  }
},
{
  "model": "lawfirm.blogpost",
  "pk": 5,
  "fields": {
    "title": "دفاع در دعاوی مدنی و کیفری",
    "slug": "دفاع-در-دعاوی-مدنی-و-کیفری",
    "author": [
      "admin"
    ],
    "category": 5,
    "excerpt": "اگر با دعوای مدنی یا کیفری روبه‌رو هستید، نیاز به دفاع قوی دارید.\n\nتجربه ما در:\n• دفاع مجرمانه\n• دعاوی مدنی\n• دعاوی خصوصی\n• شکایات و تظلمات\n• دفاع در دادگاه‌های مختلف\n\nتیم وکلای ما با تجربه گسترده در دفاع، حقوق شما را در دادگاه‌های مختلف حفاظت می‌کند.",
    "content": "اگر با دعوای مدنی یا کیفری روبه‌رو هستید، نیاز به دفاع قوی دارید.\n\nتجربه ما در:\n• دفاع مجرمانه\n• دعاوی مدنی\n• دعاوی خصوصی\n• شکایات و تظلمات\n• دفاع در دادگاه‌های مختلف\n\nتیم وکلای ما با تجربه گسترده در دفاع، حقوق شما را در دادگاه‌های مختلف حفاظت می‌کند.",
    "image": "",
    "published": true,
    "featured": false,
    "views": 0,
    "created_at": "2025-12-01T21:18:56.065Z",
    "updated_at": "2025-12-01T21:18:56.065Z",
    "seo_title": "وکیل دفاع مدنی و کیفری | موسسه حقوقی دادگان",
    "seo_description": "خدمات حقوقی دفاع در دعاوی مدنی و کیفری، وکیل دادگاه",
    "seo_keywords": "وکیل دفاع، دعوای مدنی، دعوای کیفری, وکیل دادگاه"
  }
},
{
  "model": "lawfirm.blogpost",
  "pk": 6,
  "fields": {
    "title": "مشاوره حقوقی برای افراد و خانواده‌ها",
    "slug": "مشاوره-حقوقی-برای-افراد-و-خانوادهها",
    "author": [
      "admin"
    ],
    "category": 6,
    "excerpt": "هر فردی می‌تواند با مسائل حقوقی مختلفی روبه‌رو شود.\n\nموسسه حقوقی ما برای:\n• افراد عادی\n• خانواده‌ها\n• کارگران\n• کارآفرینان\n\nمشاوره حقوقی جامع و متخصص ارائه می‌دهد.\n\nما معتقدیم که هر کسی حق دسترسی به مشاوره حقوقی کیفی را دارد.",
    "content": "هر فردی می‌تواند با مسائل حقوقی مختلفی روبه‌رو شود.\n\nموسسه حقوقی ما برای:\n• افراد عادی\n• خانواده‌ها\n• کارگران\n• کارآفرینان\n\nمشاوره حقوقی جامع و متخصص ارائه می‌دهد.\n\nما معتقدیم که هر کسی حق دسترسی به مشاوره حقوقی کیفی را دارد.",
    "image": "",
    "published": true,
    "featured": false,
    "views": 1,
    "created_at": "2025-12-01T21:18:56.071Z",
    "updated_at": "2025-12-01T21:18:56.071Z",
    "seo_title": "مشاوره حقوقی برای افراد و خانواده‌ها | موسسه حقوقی دادگان",
    "seo_description": "مشاوره حقوقی عمومی برای افراد، خانواده‌ها و کارآفرینان",
    "seo_keywords": "مشاوره حقوقی عمومی، وکیل حقوق عمومی، مشاوره حقوقی رایگان"
  }
},
{
  "model": "lawfirm.blogpost",
  "pk": 12,
  "fields": {
    "title": "مشاوره حقوقی توسط وکیل و قاضی بازنشسته",
    "slug": "مشاوره-حقوقی-توسط-وکیل-و-قاضی-بازنشسته",
    "author": [
      "admin"
    ],
    "category": 7,
    "excerpt": "به دلیل اینکه اثبات ادعا، نیاز به مهارت وکیل پایه یک دادگستری و اطمینان موکل به مشاور حقوقی دارد، تمامی رازها و مدارک باید از طرف موکل به وکیل داده شود تا با توجه به امانت داری وکیل و مشاور حقوقی ، نتیجه مورد نظر حاصل شود.",
    "content": "پرونده‌های حقوقی اکثراً ماهیتی پیچیده‌ دارند که همانند موارد دیگر، برای حل و فصل نیاز به یک متخصص در موارد حقوقی دارد. یک پرونده حقوقی درخصوص ملک نیز ممکن است به دلیل انتخاب روشی غلط برای رسیدن به نتیجه از سوی طرفین پرونده یا هر دلیل دیگری چند سال طول بکشد. گفتنی است که برای هر کسی ممکن است مشکلی حقوقی پیش بیاید که برای رفع آن نیاز به وکیل احساس می شود که این فرد در استخدام موکل در می آید تا مشکلات حقوقی وی را به عنوان یک مشاور حقوقی برطرف کند.\r\n\r\nاگر شما قصد انعقاد قرارداد با وکیل یا مشاور حقوقی را دارید، توجه داشته باشید که قبل از مراجعه به دفتر وکالت، باید اطلاعات کافی در مورد وکیل، وکالت، وکیل یا مشاور حقوقی ، چه موضوعاتی را باید به او انتقال دهید تا بتوانید به بهترین نحو از خدمات حقوقی یک وکیل، بهره ببرید. برای انتخاب وکیل و مشاور حقوقی ، با توجه به حساسیت موضوع، باید با چشم باز انتخاب صورت گیرد تا حقوق موکل توسط وکیل محقق شود، که در ادامه مطلب، برخی نکات مهم را که یک موکل حرفه ای باید آنها را مد نظر داشته باشد مطالعه خواهید کرد.\r\n<h2>نکات مهم قبل از مراجعه به وکیل یا مشاور حقوقی</h2>\r\nبه دلیل اینکه اثبات ادعا، نیاز به مهارت وکیل پایه یک دادگستری و اطمینان موکل به <a href=\"http://dadgan.com\">مشاور حقوقی</a> دارد، تمامی رازها و مدارک باید از طرف موکل به وکیل داده شود تا با توجه به امانت داری وکیل و مشاور حقوقی ، نتیجه مورد نظر حاصل شود.\r\n\r\nشغل وکالت، یکی از حساس ترین مشاغلی که در رابطه با زندگی افراد است که دفاع از جان، مال و ناموس مردم را هدف خود در نظر می گیرد.این شغل به وکیل یا مشاور حقوقی سپرده می شود. در عقد قرارداد با یک وکیل دادگستری، باید با دقت فراوان عمل کرد. در این میان، توجه به برخی نکات مهم و اساسی در همان ابتدای کار قرارداد، می تواند از ضایع شدن حق موکل جلوگیری کند و در نهایت بهترین دفاع از حقوق وی را ضمانت کند.\r\n\r\nبه جای تمرکز و دقت بر روی سن و جنسیت وکیل، بهتر است در مورد توانائی های او در انجام موضوع پرونده تمرکز شود. اینکه گاهی شنیده می شود وکلای سالخورده باتجربه تر هستند یا وکلای جوان پیگیرتر از مسن ها هستند و یا اینکه خانم ها دلسوزتر از آقایان هستند یا آقایان شجاعت بیشتری در مواجهه با محاکم دارند، همه و همه نسبی است و عکس همه آنها نیز صادق است. پس بهتر است به جای تمرکز بر روی این موارد بر روی خصوصیاتی همچون حسن شهرت ، امانت داری و توانائی های علمی وکیل در حل مشکل تان، تمرکز شود.\r\n\r\nمهم ترین و ابتدایی ترین مورد، انتخاب وکیلی است که قرار است از حقوق فرد دفاع کند. وکیل برای محقق شدن این مورد می تواند از تجربه های اطرافیان و آنانی که سابقه استخدام وکیل دارند استفاده کند.همچنین موکل باید مطمئن شود که فرد موردنظر دارای پروانه معتبر وکالت در دادگستری است.\r\n\r\nالبته در پرونده هایی مشاهده شده است که افرادی با سوءاستفاده از ناآگاهی مردم، خود را وکیل پایه یک دادگستری معرفی کرده و مبالغ هنگفتی را به عنوان حق الوکاله از آنان اخذ کرده اند. این در حالی است که او هیچ مجوزی برای وکالت در دادگاه و دادسرا نداشته و با وعده های پوچ و بی اساس از جمله وجود آشنایی با برخی افراد ذی نفوذ، اقدام به اخاذی و به اصطلاح کار چاق کنی کرده اند. به همین دلیل، موکل باید پس از اطمینان معتبر بودن پروانه وکالت و بررسی شخصیت و صلاحیت و مهارت های وکیل مورد نظر اقدام به بستن قرارداد با وی کند.",
    "image": "",
    "published": true,
    "featured": true,
    "views": 0,
    "created_at": "2025-12-01T21:52:42.958Z",
    "updated_at": "2025-12-01T21:58:58.582Z",
    "seo_title": "مشاوره حقوقی توسط وکیل و قاضی بازنشسته",
    "seo_description": "به دلیل اینکه اثبات ادعا، نیاز به مهارت وکیل پایه یک دادگستری و اطمینان موکل به مشاور حقوقی دارد، تمامی رازها و مدارک باید از طرف موکل به وکیل داده شود تا با تو",
    "seo_keywords": "موسسه حقوقی, مشاوره حقوقی, وکیل, دادگان"
  }
},
{
  "model": "lawfirm.blogpost",
  "pk": 13,
  "fields": {
    "title": "وکیل پایه یک دادگستری",
    "slug": "وکیل-پایه-یک-دادگستری",
    "author": [
      "admin"
    ],
    "category": 7,
    "excerpt": "بعد از تایید توانایی وکیل پایه یک دادگستری ، نوبت به انعقاد قرارداد با وی می رسد؛ به طور معمول میزان حق الوکاله یا هزینه وکالت که به وکیل داده می شود، مهم ترین قسمت قرارداد وکالت خواهد بود. البته تحوه تعیین آن هم از اهمیت زیادی برخوردار است که باید مورد توجه قرار گیرد. برابر آیین نامه تعرفه حق الوکا",
    "content": "<h3>قرارداد با وکیل پایه یک دادگستری</h3>\r\nبعد از تایید توانایی وکیل پایه یک دادگستری ، نوبت به انعقاد قرارداد با وی می رسد؛ به طور معمول میزان حق الوکاله یا هزینه وکالت که به وکیل داده می شود، مهم ترین قسمت قرارداد وکالت خواهد بود. البته تحوه تعیین آن هم از اهمیت زیادی برخوردار است که باید مورد توجه قرار گیرد. برابر آیین نامه تعرفه حق الوکاله مصوب در سال 1385، آنچه که در این خصوص ملاک عمل خواهد بود توافقی است که بین وکیل و موکل صورت می گیرد. به این ترتیب، این توافق می تواند بیشتر، کمتر یا برابر تعرفه ای باشد که در این آیین نامه پیش بینی شده است. برابر تعرفه در دعاوی مالی، میزان حق الوکاله در موردی که حکم دادگاه بدوی از حیث بهای خواسته قطعی است از حداقل 150000 ریال و 10 درصد بهای خواسته و حداکثر تا 300هزار ریال است و در موردی که حکم از حیث بهای خواسته قطعی نیست به ترتیب ذیل تعیین می شود:\r\n<ul>\r\n \t<li>تا مبلغ 100 میلیون ریال 6 درصد از بهای خواسته و حداکثر 6 میلیون ریال.</li>\r\n \t<li>نسبت به مازاد 100 میلیون ریال تا یک میلیارد ریال 4 درصد بهای خواسته و حداکثر تا مبلغ 42 میلیون ریال.</li>\r\n \t<li>نسبت به مازاد یک میلیارد ریال تا 5 میلیارد ریال 3 درصد از بهای خواسته و حداکثر تا مبلغ 162 میلیون ریال.</li>\r\n \t<li>نسبت به مازاد پنج میلیارد ریال 2 درصد از بهای خواسته و حداکثر تا مبلغ 200 میلیون ریال.</li>\r\n</ul>\r\nبهتر است مورد وکالت و موضوع پرونده در قرارداد وکالت ذکر و در برگه وکالت نامه اختیاراتی به وکیل اعطا شود و ذکر شود که موکل راضی به اعطای اختیارات فوق است. یک وکیل خوب قبل از هر چیز باید بتواند یک قاضی خوب باشد با این توضیح که اگر در محکمه وجدان خویش با بررسی اسناد و اوضاع و احوال موجود و سایر موارد، موکل خود را محق تشخیص داد، به دفاع از موکل خود بپردازد.\r\n\r\nالبته باید توجه داشت وکیلی که از نظر اخلاقی تمام محاسن را دارا باشد اما فاقد تخصص و علم کافی باشد، نمی تواند به نحو مقتضی از حقوق موکل خود در دادگاه دفاع کند. بنابراین وکیلی را می توان مورد تایید قرارداد که هم از نظر سلامت اخلاقی مورد وثوق باشد و هم تخصص کافی در اموری که به وی سپرده می شود را به دست آورده باشد.\r\n\r\nموکل باید آدرس محل سکونت طرف دعوی را به وکیل اعلام و تاکید کند که مسئولیت عواقب ناشی از شناسایی نشدن طرف شکایت را وکیل باید به اطلاع موکل برساند بعد از این توضیحات است که، موکل می تواند قرارداد وکالت را امضا کند.\r\n\r\nمورد بعدی میزان حق الوکاله است و باید در نظر گرفت که چه درصدی از هزینه حق الوکاله در ابتدا به عنوان مرحله نخست، چه مقدار در مرحله تجدیدنظر و چه مقدار در مرحله فرجام خواهی پرداخت می شود. همچنین این مورد در قرارداد باید قید شود که این حق الوکاله مربوط به دفاع از حقوق موکل، زیر عنوان موضوع قرارداد است و چنانچه در جریان رسیدگی، دعوای دیگری علیه موکل طرح یا ورود ثالث و دعوای تقابلی طرح شود چه از طرف وکیل یا طرف دعوی یا شخص ثالث دفاع از این دعاوی یا طرح دعاوی مورد بحث، نیاز به انعقاد قرارداد جدید خواهد داشت. این را نیز باید در نظر بگیرد که اگر وکیل طرح دعوی جدید را ضروری بداند نیز این موضوع منجر به انعقاد قرارداد جدید می شود، حتی اگر وکالت نامه کلی تنظیم شده باشد.\r\n\r\nدر صورت عدم توانایی در پرداخت حق الوکاله بهتر است در پرونده های حقوقی با معرفی کانون وکلای دادگستری می توان از داشتن وکیل معاضدتی بهره برد. همچنین در برخی از پرونده های کیفری و به تشخیص دادگاه در موضوعات خاص، برای متهم وکیل تسخیری تعیین می گردد\r\n<h3>تعهدات موکل در برابر وکیل</h3>\r\nموکل باید هر زمان که وکیل یا دادگاه لازم بداند، اصل اسناد را در قبال گرفتن رسید، در اختیار وکیل قرار دهد ادامه می دهد، پرداخت تمام هزینه های دادگستری از قبیل هزینه دادخواست، هزینه اوراق، ایاب و ذهاب و حق الزحمه کارشناسی به عهده موکل است. اگر موکل، این هزینه ها را به موقع پرداخت نکند و خسارتی متوجه موکل شود، موکل شخصا مسئول این خسارت ها خواهد بود و وکیل پایه یک دادگستری مسئولیتی در مورد خسارات پیش آمده نخواهد داشت.\r\n\r\nوکیل پایه یک دادگستری شرح داده شودو در صورتیکه توانایی پرداخت حق الوکاله را وجود نداشته باشد تمهیدات دیگری اندیشیده شود. متاسفانه برخی از مراجعین به دفاتر وکالت به تصور پایین آوردن درصد حق الوکاله، رقم خواسته را پایین تر از رقم واقعی آن معرفی می کنند؛ که این مساله باعث سلب اعتماد وکیل از موکل شده و بعضاً تبعات آن نیز دامنگیر موکل می گردد.\r\n\r\nنکته دیگری که باید یه آن توجه شود این است که در صورت پرداخت حق الوکاله و با انجام نخستین اقدام وکالتی از سوی وکیل، موکل نمی تواند با فسخ قرارداد حق الوکاله خود را طلب کند. ساعت کار دفاتر وکالت معمولا محدود می باشد. بنابراین در هر بار مراجعه فرصت را مغتنم شمرده و باید مشکل حقوقی یا کیفری را به طور کامل بازگو شود. همچنین می بایست تمامی اطلاعات راجع به موضوع را به وکیل یا مشاور حقوقی انتقال داده شود.\r\n<h2>وکیل، قدرت فراقانونی ندارد</h2>\r\nهمیشه موکل باید توجیه باشد که وکیل، قدرت فراقانونی مثل آشنایی با مقام ها و کادر قضایی ندارد و تنها در حدود تجربه و تخصص خود با استفاده از راه های قانونی می تواند از موکل خود دفاع کند. معرفی شهود، مطلعان و حاضر کردن آنان در دادگاه و دادسرا و تهیه وسیله اجرای قرارها و کارهای از این قبیل، به عهده موکل است. هرگز نباید از وکیل انتظار انجام امور غیر قانونی را داشت. افرادی که سعی دارند مشکل حقوقی خود را از طرق غیر قانونی و ایجاد ارتباط، حل و فصل کنند بهتر است از همان ابتدا از مراجعه به دفتر وکالت خودداری کنند. مراجعه به دفتر وکالت، نشان می دهدکه موکل قصد دارد مشکل حقوقی خود را از طرق قانونی و صحیح آن پیگیری کند. موکل متعهد است که کارهای اداری مربوط به خارج از دادگستری را شخصا باید انجام دهد، از دیگر مواردی که موکل باید انجام دهد اقرار به این است که اسناد خود را به رویت کامل وکیل پایه یک دادگستری رسانده است و صحت آنها را تایید می کند. موکل به وکیل اختیاراتی تفویض می کند که یکی از آنها این است که در صورت لزوم برای انجام مورد وکالتی، وکیل می تواند وکالت را به غیر تفویض کند، همچنین می تواند مورد وکالت مورد وکالت را همراه وکیل دیگری منفرداً انجام دهد.\r\n<h3>نتیجه دادگاه اهمیتی بر هزینه پرداختی به وکیل ندارد</h3>\r\nافرادی که اقدام به استخدام وکیل پایه یک دادگستری می کنند باید این نکته را در نظر داشته باشند که بر اساس متن آیین نامه تعرفه حق الوکاله مصوب قوه قضائیه، تعهد وکیل تعهد به نتیجه نیست، بنابراین چنانچه موضوع وکالت، جزئاً یا کلاً، به نفع موکل خاتمه نیابد در حق الوکاله تاثیری ندارد. همچنین در صورتی که برای موکل قرار تامین صادر شود، این قرار، منوط به تودیع خساراتی است که از سوی مقام رسیدگی کننده تعیین می شود و وکیل در میزان و نوع این خسارت دخالتی ندارد.\r\n<h3>تجدید نظر خواهی</h3>\r\nموکل باید در نظر داشته باشد که که با وجود درج اختیار تجدید نظرخواهی در وکالت نامه، انجام تجدید نظر خواهی وکیل وابسته به پرداخت هزینه ها و حق الوکاله مرحله تجدید نظر خواهی وکیل وابسته به پرداخت هزینه ها و حق الوکاله مرحله تجدید نظر و تسلیم مدارک به وکیل است. تغییر نشانی، حداکثر در مدت زمان 48 ساعت، نشانی جدید را به صورت کتبی به وکیل خود اعلام کند. ضمن آنکه این قرارداد در چند ماده و تبصره در دو نسخه با اعتبار واحد تنظیم شده است و یک نسخه آن در اختیار موکل قرار می گیرد و موکل نیز اقرار می کند که این قرارداد را مطالعه و سپس مبادرت به امضای آن کرده است.\r\n<h4>پیگیری تخلفات وکیل</h4>\r\nدر صورتی که نسبت به خدمات وکیل اعتراضی وجود داشته باشد باید برای پیگیری آن به کجا مراجعه شود؟ اصولا هر صنفي و تشكيلاتي داراي نظامنامه‌اي است كه اعضاي آن مطابق قوانين و مقررات در حوزه حرفه‌اي خود فعاليت مي‌كنند؛ حرفه وكالت نيز مانند ساير مشاغل از اين امر مستثني نيست. از نظر حرفه‌اي اگر وكيلي در چارچوب رفتار و عملكرد سازماني خود، مرتكب تخلفي شود، مرجع رسيدگي به اين شكايات و اعتراضات، دادسراي كانون وكلاي دادگستري مستقر در كانون وكلاست و اشخاص مي‌توانند با مراجعه به اين دادسرا شكايت خود را پيگيري کنند.\r\n\r\nوکیل خوب دادگستری، وکیلی است که نخست موکل را دادرسی کند و هرگاه پی ببرد موکل راست می گوید به دادخواهی از سوی او برخیزد. وکیل خوب، باید تمام علم، فن و هنر خود را برای دفاع از حقوق موکل به کار گیرد تا موضوع وکالت را به نحو احسن به پایان برساند. یک وکیل پایه یک دادگستری موفق باید تلاش کند کار با ارزش وکالت را نه صرفا به دید مادی، کسب درآمد و شغلی برای امرار معاش بلکه به نیت احقاق حق و اجرای عدالت و حل مشکلات انسان ها دنبال کند و جنبه معنوی کار را از یاد نبرد که ارزش آن بسیار گرانبهاست و از وقت به دست آمده و اختیار و توانی که جامعه در اختیار او نهاده است، نهایت استفاده را برای خدمت واقعی ببرد.",
    "image": "",
    "published": true,
    "featured": true,
    "views": 0,
    "created_at": "2025-12-01T21:52:42.966Z",
    "updated_at": "2025-12-01T21:58:58.579Z",
    "seo_title": "وکیل پایه یک دادگستری",
    "seo_description": "بعد از تایید توانایی وکیل پایه یک دادگستری ، نوبت به انعقاد قرارداد با وی می رسد؛ به طور معمول میزان حق الوکاله یا هزینه وکالت که به وکیل داده می شود، مهم ترین ",
    "seo_keywords": "موسسه حقوقی, مشاوره حقوقی, وکیل, دادگان"
  }
},
{
  "model": "lawfirm.blogpost",
  "pk": 14,
  "fields": {
    "title": "مشاوره حقوقی خانواده، طلاق و متارکه",
    "slug": "وکیل-مشاوره-حقوقی-خانواده--طلاق",
    "author": [
      "admin"
    ],
    "category": 7,
    "excerpt": "مشاوره حقوقی دادگان\r\nیکی از مهم‌ ترین بخش‌های حقوق مدني در ایران ( مهم‌ترین رشته  حقوق  خصوصي ) حقوق خانواده مي باشد ، که ممکن است دعاوی در این زمینه شکل گیرد از جمله اثبات نسب ، نفی نسب ،ثبت واقعه ازدواج ، طلاق توافقی ،  گواهی عدم امکان سازش ، تقاضای تنفیذ طلاق ، فسخ نکاح ، اثبات زوجیت ، اذن در ازد",
    "content": "<strong>گروه وکلا و مشاوره حقوقی دادگان</strong>\r\n\r\n<strong>دادگان </strong>با بهره گیری از مشاوران حقوقي و  وکلای متخصص و با تجربه خدمات حقوقی ویژه خود را در قالب ارائه ي مشاوره حقوقی و قبول وکالت ، در خصوص  دعاوی خانوادگی ، به شرح ذیل ارائه می نماید  :\r\n<ul>\r\n \t<li>ارائه ی مشاور حقوقی  و قبول وكالت توسط وکیل پایه یک دادگستری در زمينه ي ، طلاق توافقی ، طلاق یکطرفه ، فسخ نکاح ، ابطال نکاح</li>\r\n \t<li>مشاوره حقوقی  در زمينه ي مطالبه مهریه ، تقسیط مهریه ، توقیف اموال ( تأمین خواسته ) ، ممنوع الخروج کردن بدهکار ( زوج )</li>\r\n \t<li>مطالبه  نفقه ، طرح شکایت کیفری ترک انفاق و یا دفاع از آن</li>\r\n \t<li>اجازه ازدواج مجدد ، اجازه ازدواج دختر باکره ( در فرضی که پدر اجازه ازدواج نمی دهد ).</li>\r\n \t<li>حضانت فرزند و سلب حضانت ، ملاقات فرزند مشترک و سایر دعاوی و اختلافات خانوادگی</li>\r\n \t<li>ارائه ي مشاوره  و  وكالت در زمينه ي  نصب وعزل قيم ، عزل ولي قهري ، تنفيذ  وصيت نامه ، طرح دعواي حجر</li>\r\n</ul>\r\n<strong>انواع خواسته  خانوادگی</strong>\r\n\r\nخواسته ها و دعاوي مربوط به خانواده ممكن است در زمينه هاي زير باشد . دادگان نيز با داشتن مشاوران حقوقي و وكلا قادر به ارائه ي خدمت مي باشد.\r\n\r\nاثبات نسب ، نفی نسب ، ابطال ثبت ، واقعه طلاق ، ابطال ثبت ، واقعه ازدواج ، بطلان نکاح ، ثبت واقعه ازدواج ، ثبت واقعه طلاق ، طلاق توافقی ، طلاق به در خواست زوج ، طلاق به در خواست زوجه ، گواهی عدم امکان سازش ، تقاضای تنفیذ طلاق ، فسخ نکاح ، اثبات زوجیت ، اذن در ازدواج ، تجویز ازدواج مجدد ، استرداد جهیزیه ، اعسار از پرداخت مهریه ، اعلام تمکین مطالبه مهریه ، تعدیل مهریه ، تقسیط مهریه ، تعدیل تقسیط مهریه ، تعیین مهرالمثل ، مطالبه نفقه ، تعدیل نفقه ، الزام به تمکین ، منع اشتغال زوجه/زوج ، واقعه رجوع ، الزام خوانده به تهیه مسکن ، الزام به بذل مدت متعه ، استرداد طفل ، اهداء جنین ، تحویل فرزند ، تقسیط نفقه فرزند ، تقسیط نفقه معوقه ، تغیر جنسیت ،  فرزند خواندگی ، حضانت ، سلب حضانت ، ملاقات طفل ، ملاقات فرزند ، ممانعت از خروج فرزند از کشور، صدور حکم رشد.\r\n\r\n<strong>حقوق خانواده</strong>\r\n\r\nیکی از مهم‌ ترین بخش‌های حقوق مدني در ایران ( مهم‌ترین رشته  حقوق  خصوصي ) حقوق خانواده مي باشد كه آمیخته با مسائل اجتماعی و اخلاقی و مذهبی مي باشد و بیشتر قواعد آن مربوط  به نظم عمومی  و اخلاق حسنه مي باشد. بنابراين  جنبه حقوقی صرف ندارد . حقوق خانواده ، مجموعه قواعد و مقرراتی که حاکم  بر روابط افراد خانواده و افراد متشکل آن ( از جمله ، شوهر، زن ، فرزند ، پدر و مادر) و امور مالی مرتبط با آن (مانند مهریه زوجه  و نفقه همسر و اقارب ) مي باشد.\r\n\r\nحقوق خانواده ، شاخه‌اى از حقوق مدنى مي باشد كه به مقررات و قواعد شكل‌گیرى ، تداوم و همچنين انحلال خانواده می‌پردازد. در این شاخه از حقوق ، با در نظر گرفتن امورى چون مصالح اعضا  و نهاد خانواده و كاركردهاى این نهاد ( مانند حفظ و بقاى نسل ، تأمین نیازهاى عاطفى  و روانىِ اعضا  و برقرارى نظام مراقبتى و حمایتى از كودكان ) ، چگونگى روابط حقوقى اعضاى خانواده ، و حقوق  و تكالیف آنان نسبت به یكدیگر مشخص می‌شود.\r\n\r\nحقوق خانواده تا حد زیادی ناشی از ارزش و مقام والای خانواده است . خانواده هسته مركزی اجتماع مي باشد و نخستین اجتماعی است كه شخص در آن گام می گذارد و آداب زندگی  و اصول و رسوم اجتماعی را مي آموزد.\r\n\r\nحقوق خانواده یكی از مهمترین و جالب ترین بخش های حقوق مدنی است كه جنبه حقوقی صرف ندارد  بلكه آمیخته با مسائل اجتماعی و اخلاقی و مذهبی است و بیشتر قواعد آن مربوط به نظم عمومی و اخلاق حسنه است .لذا ضرورت دارد مواردی در خصوص تشكیل خانواده و روابط حقوقی بین زن و مرد بررسی شود.\r\n\r\nبراي خانواده در قانون مدنی و دیگر قوانین ایران تعریف ارائه  نشده است ؛ ولی با توجه به مقررات مختلف می توان برای آن یک  معنی عام و یک معنی خاص در نظر گرفت .\r\n\r\nخانواده به معنی عام ، شامل  گروهی مرکب از شخص و خویشان نسبی و همسر او مي باشد . به عبارت ديگر، گروهی که از هم ارث می برند . ضابطه این خانواده همان ارث بردن از یکدیگر مي باشد .\r\n\r\nگاهی خانواده را به معنی گسترده تری به کار مي برند و تمام خویشان سببی را هم  داخل در آن مي دانند.\r\n\r\nخانواده به معنی خاص ، یا خانواده هسته ای ، شامل زن و شوهر و فرزندان تحت سرپرستی آنها مي شود ،  که به طور معمول با يكديگر زندگی مي نمايند .",
    "image": "",
    "published": true,
    "featured": true,
    "views": 1,
    "created_at": "2025-12-01T21:52:42.969Z",
    "updated_at": "2025-12-01T22:00:05.594Z",
    "seo_title": "مشاوره حقوقی خانواده، طلاق و متارکه",
    "seo_description": "مشاوره حقوقی دادگان\r\nیکی از مهم‌ ترین بخش‌های حقوق مدني در ایران ( مهم‌ترین رشته  حقوق  خصوصي ) حقوق خانواده مي باشد ، که ممکن است دعاوی در این زمینه شکل گیرد ا",
    "seo_keywords": "موسسه حقوقی, مشاوره حقوقی, وکیل, دادگان"
  }
},
{
  "model": "lawfirm.blogpost",
  "pk": 15,
  "fields": {
    "title": "مشاوره حقوقی ملکی و امور املاک و مستغلات",
    "slug": "وکیل-مشاوره-حقوقی-ملکی-املاک",
    "author": [
      "admin"
    ],
    "category": 7,
    "excerpt": "دادگان با بهره گیری از مشاوران حقوقي  و  وکلای متخصص و با تجربه ، خدمات حقوقی  ویژه خود را در قالب ارائه ي مشاوره حقوقي  و قبول وکالت ، در خصوص دعاوی ملكي  و دعاوي ناشي از قرارداد ، به شرح ذیل ارائه می نماید  :\r\n پذيرش وكالت کلیه دعاوی ناشی از خرید ، فروش و اجاره املاک ، از قبیل : الزام به تنظیم سند",
    "content": "<u>مشاوره حقوقی ملکی ، وکیل ملکی ، دعاوی ملکی</u><strong><u> </u></strong>\r\n\r\n<strong>گروه وکلا و مشاوره حقوقی دادگان</strong>\r\n\r\n<strong>دادگان</strong> با بهره گیری از مشاوران حقوقي  و  وکلای متخصص و با تجربه ، خدمات حقوقی  ویژه خود را در قالب ارائه ي مشاوره حقوقي  و قبول وکالت ، در خصوص دعاوی ملكي  و دعاوي ناشي از قرارداد ، به شرح ذیل ارائه می نماید  :\r\n<ul>\r\n \t<li>مشاوره حقوقي و پذيرش وكالت کلیه دعاوی ناشی از خرید ، فروش و اجاره املاک ، از قبیل : الزام به تنظیم سند رسمی ، الزام  به اخذ پایان کار و صورت مجلس تفکیکی</li>\r\n \t<li> پيگيري الزام به تنظیم سند رسمی اجاره ، تخلیه املاک تجاری و مسکونی ، مطالبه سرقفلی و حق کسب و پیشه و تجارت ، تجویز انتقال منافع</li>\r\n \t<li>دعاوی راجع به تصرفات غیر قانونی املاک از قبیل : خلع ید ، رفع تصرف عدوانی ، رفع مزاحمت و رفع ممانعت از حق  و ….</li>\r\n \t<li>مشاوره حقوقي و پذيرش وكالت در کلیه دعاوی راجع به املاک و اموال مشاع ، از قبیل : افراز ملک مشاع ، دستور فروش ملک مشاع ، تقسیم و تفکیک ملک مشاع  و….</li>\r\n \t<li>مشاوره حقوقي و پذيرش وكالت در كليه دعاوي راجع به موقوفات عام و خاص</li>\r\n \t<li> اخذ و مطالبه اجور معوقه ، اخذ و مطالبه اجرت المثل ، تعديل ( به روز كردن ) اجاره بها</li>\r\n \t<li>مشاوره حقوقي در زمینه تخليه اماكن تجاري و مسكوني مشمول قانون سال ۱۳۷۶،۱۳۶۲، ۱۳۵۶</li>\r\n \t<li> ابطال سند ،  ابطال قرارداد ، فسخ قرارداد</li>\r\n \t<li>پشتيباني اجراي قراردادهاي ملکی ،تنظیم  قرارداد مشارکت در ساخت</li>\r\n \t<li>سایر دعاوی ناشی از اموال و املاک</li>\r\n</ul>\r\n<strong>کلیه پرونده ها توسط وکلای متخصص در زمینه فوق پیگیری می شود.</strong>\r\n\r\n<strong>انواع خواسته ( ملكی و غیر منقول )</strong>\r\n\r\nاثبات حق ارتفاق ، اثبات حق انتفاع ، اثبات مالکیت ، اثبات وقفیت ، اخراج ثلث ، اعتراض به تملک ، افراز ملک ( دارای سابقه ثبتی ) ، افراز ملک ( فاقد سابقه ثبتی ) ، الزام به تعمیر ساختمان مشاعی ، الزام به تفکیک  ملک ، الزام به دادن زمین معوض یا قیمت روز آن ، تسلیط ید ، تعیین تولیت ، تقسیم سهم الشرکه ، تقسیم  مال ( بدون اختلاف در مالکیت ) ، تقسیم مال ( اختلاف در مالکیت ) ، خلع ید ، دستور فروش ملک مشاع ، رفع تصرف عدوانی ، رفع مزاحمت ، رفع ممانعت از حق ، قلع و قمع مستحدثات ، منع استفاده از ملک بر خلاف کاربری مجاز، منع استفاده آموزشی از ملک ، مطالبه اجرت المثل ایام تصرف ، نزع اشجار و…",
    "image": "",
    "published": true,
    "featured": false,
    "views": 1,
    "created_at": "2025-12-01T21:52:42.973Z",
    "updated_at": "2025-12-01T21:58:58.574Z",
    "seo_title": "مشاوره حقوقی ملکی و امور املاک و مستغلات",
    "seo_description": "دادگان با بهره گیری از مشاوران حقوقي  و  وکلای متخصص و با تجربه ، خدمات حقوقی  ویژه خود را در قالب ارائه ي مشاوره حقوقي  و قبول وکالت ، در خصوص دعاوی ملكي  و دع",
    "seo_keywords": "موسسه حقوقی, مشاوره حقوقی, وکیل, دادگان"
  }
},
{
  "model": "lawfirm.blogpost",
  "pk": 16,
  "fields": {
    "title": "مشاوره حقوقی ثبت احوال",
    "slug": "وکیل-مشاوره-حقوقی-ثبت-احوال",
    "author": [
      "admin"
    ],
    "category": 7,
    "excerpt": "وکیل دادگستری.مشاوره حقوقی امور ثبت احوال دعوای حجر ، اثبات بلوغ برای ازدواج ، تغییر جنسیت و اصلاح ،تصحیح و ابطال شناسنامه از حیث شماره و سایر مشخصات ، اصلاح تاریخ فوت در گواهی فوت ، تغییر نام کوچک و نام خانوادگیدر زمینه ی ابطا ل واقعه فوت ، ابطال نسبت یا نفی آن ، دعوی ابوت یا بنوت",
    "content": "<strong>مشاوره حقوقی امور ثبت احوال\r\n</strong>\r\n\r\n<strong>مرکز تخصصی مشاوره حقوقی امور ثبت احوال</strong> با بهره مندی از مشاوران حقوقی و وکلای متخصص و با تجربه خدمات حقوقی ویژه خود را در قالب ارائه مشاوره حقوقی و قبول وکالت ، توسط وکیل دادگستری در خصوص دعاوی مربوط به ثبت احوال ، به شرح ذیل ارائه می نماید :\r\n<ul>\r\n \t<li> قبول وكالت در زمینه ی دعوای حجر ، اثبات بلوغ برای ازدواج ، تغییر جنسیت</li>\r\n \t<li>مشاوره حقوقی و قبول وكالت در زمینه ی تصحیح و ابطال شناسنامه از حیث شماره و سایر مشخصات ، اصلاح تاریخ فوت در گواهی فوت ، تغییر نام کوچک و نام خانوادگی</li>\r\n \t<li>ارائه ی مشاوره حقوقی و پذیرش  وكالت در زمینه ی ابطا ل واقعه فوت ، ابطال نسبت یا نفی آن ،</li>\r\n \t<li> مشاوره حقوقی در زمینه ی دعوی ابوت یا بنوت</li>\r\n</ul>\r\nو سایر امور و دعاوی ثبت احوال\r\n\r\n<strong>موارد مربوط به ثبت احوال </strong>\r\n\r\n<strong>شناسنامه</strong>\r\n\r\nداشتن هویتی روشن و شفاف از حقوق اولیه هر انسانی می باشد و شناسنامه برگ هویت هر انسان می باشد .\r\n\r\nصدور شناسنامه روشن كننده ی انتساب اولیه هر شخص در طبقه اجتماعی او ، و اینكه پدر و مادر وی چه كسانی هستند و متعلق به كدام فامیلند است ، بنابراین والدین مكلفند به محض تولد كودك نسبت به نامگذاری شایسته و اخذ شناسنامه برای فرزند خود اقدام نمایند .\r\n\r\nسازمان ثبت احوال موظف می باشد وقایع حیاتی هر فرد اعم از ولادت ، ازدواج ، طلاق ، رجوع ، بذل مدت و وفات را ثبت نماید و نسبت به صدور شناسنامه و همچنین تسلیم آن به متقاضی اقدام كند.\r\n\r\n<strong>ثبت ولادت</strong>\r\n\r\nولادت هر طفل در ایران اعم از اینكه والدین ایرانی یا خارجی باشند لازم است ، ظرف مدت 15 روز از تاریخ ولادت به اداره ثبت احوال اعلام شود ، ولادت اطفال ایرانی مقیم كشورهای خارجی به كنسولگری محل اقامت و یا به نزدیكترین كنسولگری اعلام شود. و پس از اعلام نمودن ولادت ، اگر طفل ایرانی باشد شناسنامه ای با مشخصات وی صادر می شود و به پدر و مادرش تحویل می شود و در صورت خارجی بودن طفل ، گواهی ولادت صادر می شود و تحویل والدین كودك می شود.\r\n\r\n<strong>ثبت وفات </strong>\r\n\r\nوفات هر شخصی اعم از ایرانی و خارجی و همچنین طفلی كه مرده به دنیا آمده لازم است ، بلافاصله به اداره ثبت احوال اعلام شود و در مورد ایرانیان مقیم خارج باید به نزدیك ترین كنسولگری اعلام گردد.\r\n\r\nواقعه فوت لازم است به گواهی پزشك یا دو نفر شاهد برسد و مهلت اعلام فوت جهت اخذ گواهی ده روز از تاریخ فوت است .\r\n\r\n<strong>ثبت ازدواج و طلاق </strong>\r\n\r\nصاحبان دفاتر اسناد رسمی موظف هستند وقایع ازدواج و طلاق و رجوع را در دفاتر مربوطه خود ثبت و مراتب را به اطلاع اداره ثبت احوال محل برسانند . این وظیفه در خارج از كشور به عهده نزدیكترین كنسولگری می باشد .\r\n\r\nاداره ثبت موظف است تمامی وقایع ازدواج و طلاق و رجوع و بذل مدت و فسخ نكاح و تعدد زوجات را در دفاتر مربوطه منعكس و سپس به شناسنامه انتقال دهد.\r\n\r\n<strong>تغییر نام خانوادگی </strong>\r\n\r\nتغییر نام خانوادگی با سازمان ثبت احوال كشور می باشد و در نام خانوادگی حق تقدم با كسی می باشد كه از نظر تاریخ مقدم باشد و شخص دیگر حق انتخاب آن نام را ندارد مگر با اجازه دارنده حق تقدم . همچنین این حق به وراث به ارث می رسد .\r\n\r\nهر شخص پس از رسیدن به سن قانونی می تواند نام خانوادگی خود را تغییر دهد .",
    "image": "",
    "published": true,
    "featured": false,
    "views": 5,
    "created_at": "2025-12-01T21:52:42.976Z",
    "updated_at": "2025-12-01T21:58:58.569Z",
    "seo_title": "مشاوره حقوقی ثبت احوال",
    "seo_description": "وکیل دادگستری.مشاوره حقوقی امور ثبت احوال دعوای حجر ، اثبات بلوغ برای ازدواج ، تغییر جنسیت و اصلاح ،تصحیح و ابطال شناسنامه از حیث شماره و سایر مشخصات ، اصلاح تا",
    "seo_keywords": "موسسه حقوقی, مشاوره حقوقی, وکیل, دادگان"
  }
},
{
  "model": "lawfirm.qacategory",
  "pk": 1,
  "fields": {
    "name": "سوالات و پاسخ‌ها",
    "slug": "qa-general",
    "description": "سوالات و پاسخ‌های عمومی درباره موضوعات حقوقی",
    "created_at": "2025-12-01T20:58:19.117Z"
  }
},
{
  "model": "lawfirm.qacategory",
  "pk": 2,
  "fields": {
    "name": "سوالات عمومی",
    "slug": "general",
    "description": "سوالات و پاسخ‌های عمومی حقوقی",
    "created_at": "2025-12-01T21:48:31.091Z"
  }
},
{
  "model": "lawfirm.qacategory",
  "pk": 3,
  "fields": {
    "name": "حقوق خانواده",
    "slug": "family",
    "description": "سوالات مربوط به طلاق، نفقه، حضانت و ...",
    "created_at": "2025-12-04T21:41:27.960Z"
  }
},
{
  "model": "lawfirm.qacategory",
  "pk": 4,
  "fields": {
    "name": "حقوق کیفری",
    "slug": "criminal",
    "description": "سوالات مربوط به جرائم و دفاع",
    "created_at": "2025-12-04T21:41:27.963Z"
  }
},
{
  "model": "lawfirm.qacategory",
  "pk": 5,
  "fields": {
    "name": "حقوق ملکی",
    "slug": "property",
    "description": "سوالات مربوط به املاک",
    "created_at": "2025-12-04T21:41:27.965Z"
  }
},
{
  "model": "lawfirm.qacategory",
  "pk": 6,
  "fields": {
    "name": "حقوق تجاری",
    "slug": "commercial",
    "description": "سوالات مربوط به شرکت‌ها",
    "created_at": "2025-12-04T21:41:27.968Z"
  }
},
{
  "model": "lawfirm.qacategory",
  "pk": 7,
  "fields": {
    "name": "سایر موارد",
    "slug": "other",
    "description": "سایر سوالات حقوقی",
    "created_at": "2025-12-04T21:41:27.971Z"
  }
},
{
  "model": "lawfirm.question",
  "pk": 1,
  "fields": {
    "title": "سوال حقوق دارم برای کسب مشاره حقوقی",
    "slug": "سوال-حقوق-دارم-برای-کسب-مشاره-حقوقی",
    "content": "آیا می‌توانم از طریق وکیل، از حقوق خود در برابر شرکت بیمه‌ای که از پرداخت خسارت من خودداری کرده است، دفاع کنم؟",
    "asker_name": "پرسنده",
    "asker_email": "info@dadgan.com",
    "category": 1,
    "views": 0,
    "votes": 0,
    "is_answered": true,
    "is_published": true,
    "created_at": "2025-12-01T20:58:19.196Z",
    "updated_at": "2025-12-01T20:58:19.196Z",
    "seo_title": "",
    "seo_description": "",
    "seo_keywords": ""
  }
},
{
  "model": "lawfirm.question",
  "pk": 2,
  "fields": {
    "title": "مهریه چطور به زن تعلق می‌گیره؟",
    "slug": "مهریه-چطور-به-زن-تعلق-میگیره",
    "content": "من تازه عقد کردم، می‌خوام بدونم مهریه چطوری به زن تعلق می‌گیره؟",
    "asker_name": "پرسنده",
    "asker_email": "info@dadgan.com",
    "category": 1,
    "views": 0,
    "votes": 0,
    "is_answered": true,
    "is_published": true,
    "created_at": "2025-12-01T20:58:19.201Z",
    "updated_at": "2025-12-01T20:58:19.201Z",
    "seo_title": "",
    "seo_description": "",
    "seo_keywords": ""
  }
},
{
  "model": "lawfirm.question",
  "pk": 3,
  "fields": {
    "title": "چطور سفته رو اجرا بذارم؟",
    "slug": "چطور-سفته-رو-اجرا-بذارم",
    "content": "یک سفته دستمه که تاریخش گذشته، حالا چطور می‌تونم اجراییه بگیرم؟",
    "asker_name": "پرسنده",
    "asker_email": "info@dadgan.com",
    "category": 1,
    "views": 0,
    "votes": 0,
    "is_answered": true,
    "is_published": true,
    "created_at": "2025-12-01T20:58:19.206Z",
    "updated_at": "2025-12-01T20:58:19.206Z",
    "seo_title": "",
    "seo_description": "",
    "seo_keywords": ""
  }
},
{
  "model": "lawfirm.question",
  "pk": 4,
  "fields": {
    "title": "برای ثبت شرکت چیکار باید بکنم؟",
    "slug": "برای-ثبت-شرکت-چیکار-باید-بکنم",
    "content": "می‌خوام یه شرکت بزنم ولی نمی‌دونم مراحلش چیه؟",
    "asker_name": "پرسنده",
    "asker_email": "info@dadgan.com",
    "category": 1,
    "views": 0,
    "votes": 0,
    "is_answered": true,
    "is_published": true,
    "created_at": "2025-12-01T20:58:19.211Z",
    "updated_at": "2025-12-01T20:58:19.211Z",
    "seo_title": "",
    "seo_description": "",
    "seo_keywords": ""
  }
},
{
  "model": "lawfirm.question",
  "pk": 5,
  "fields": {
    "title": "چطور می‌تونم حق طلاق بگیرم؟",
    "slug": "چطور-میتونم-حق-طلاق-بگیرم",
    "content": "شوهرم نمی‌خواد من رو طلاق بده. من چطور می‌تونم حق طلاق بگیرم؟",
    "asker_name": "پرسنده",
    "asker_email": "info@dadgan.com",
    "category": 1,
    "views": 0,
    "votes": 0,
    "is_answered": true,
    "is_published": true,
    "created_at": "2025-12-01T20:58:19.216Z",
    "updated_at": "2025-12-01T20:58:19.216Z",
    "seo_title": "",
    "seo_description": "",
    "seo_keywords": ""
  }
},
{
  "model": "lawfirm.question",
  "pk": 6,
  "fields": {
    "title": "چطور می‌تونم از شوهرم نفقه بگیرم؟",
    "slug": "چطور-میتونم-از-شوهرم-نفقه-بگیرم",
    "content": "شوهرم مدتیه که نفقه نمی‌ده. چطور می‌تونم حقمو بگیرم؟",
    "asker_name": "پرسنده",
    "asker_email": "info@dadgan.com",
    "category": 1,
    "views": 0,
    "votes": 0,
    "is_answered": true,
    "is_published": true,
    "created_at": "2025-12-01T20:58:19.220Z",
    "updated_at": "2025-12-01T20:58:19.220Z",
    "seo_title": "",
    "seo_description": "",
    "seo_keywords": ""
  }
},
{
  "model": "lawfirm.question",
  "pk": 7,
  "fields": {
    "title": "چک برگشتی رو چطور باید پیگیری کنم؟",
    "slug": "چک-برگشتی-رو-چطور-باید-پیگیری-کنم",
    "content": "یک چک برگشتی دارم، چطور می‌تونم ازش شکایت کنم؟",
    "asker_name": "پرسنده",
    "asker_email": "info@dadgan.com",
    "category": 1,
    "views": 0,
    "votes": 0,
    "is_answered": true,
    "is_published": true,
    "created_at": "2025-12-01T20:58:19.225Z",
    "updated_at": "2025-12-01T20:58:19.225Z",
    "seo_title": "",
    "seo_description": "",
    "seo_keywords": ""
  }
},
{
  "model": "lawfirm.question",
  "pk": 8,
  "fields": {
    "title": "دیه چیه و چطور محاسبه میشه؟",
    "slug": "دیه-چیه-و-چطور-محاسبه-میشه",
    "content": "دیه دقیقاً چیه و چطور حساب میشه؟",
    "asker_name": "پرسنده",
    "asker_email": "info@dadgan.com",
    "category": 1,
    "views": 0,
    "votes": 0,
    "is_answered": true,
    "is_published": true,
    "created_at": "2025-12-01T20:58:19.230Z",
    "updated_at": "2025-12-01T20:58:19.230Z",
    "seo_title": "",
    "seo_description": "",
    "seo_keywords": ""
  }
},
{
  "model": "lawfirm.question",
  "pk": 9,
  "fields": {
    "title": "کسی که اجاره‌خونه نده رو چطور میشه بیرون کرد؟",
    "slug": "کسی-که-اجارهخونه-نده-رو-چطور-میشه-بیرون-کرد",
    "content": "مستاجرم چند ماهه اجاره نداده، چطور می‌تونم قانونی بیرونش کنم؟",
    "asker_name": "پرسنده",
    "asker_email": "info@dadgan.com",
    "category": 1,
    "views": 0,
    "votes": 0,
    "is_answered": true,
    "is_published": true,
    "created_at": "2025-12-01T20:58:19.235Z",
    "updated_at": "2025-12-01T20:58:19.235Z",
    "seo_title": "",
    "seo_description": "",
    "seo_keywords": ""
  }
},
{
  "model": "lawfirm.question",
  "pk": 10,
  "fields": {
    "title": "سهم الارث چطور تقسیم میشه؟",
    "slug": "سهم-الارث-چطور-تقسیم-میشه",
    "content": "بعد از فوت پدرم، ما چند تا وارثیم. چطور سهم الارث تقسیم میشه؟",
    "asker_name": "پرسنده",
    "asker_email": "info@dadgan.com",
    "category": 1,
    "views": 0,
    "votes": 0,
    "is_answered": true,
    "is_published": true,
    "created_at": "2025-12-01T20:58:19.239Z",
    "updated_at": "2025-12-01T20:58:19.239Z",
    "seo_title": "",
    "seo_description": "",
    "seo_keywords": ""
  }
},
{
  "model": "lawfirm.question",
  "pk": 11,
  "fields": {
    "title": "اگر کارفرما حقوق نده باید چیکار کنم؟",
    "slug": "اگر-کارفرما-حقوق-نده-باید-چیکار-کنم",
    "content": "چند ماهه کارفرمام حقوق نداده. می‌تونم شکایت کنم؟",
    "asker_name": "پرسنده",
    "asker_email": "info@dadgan.com",
    "category": 1,
    "views": 0,
    "votes": 0,
    "is_answered": true,
    "is_published": true,
    "created_at": "2025-12-01T20:58:19.245Z",
    "updated_at": "2025-12-01T20:58:19.245Z",
    "seo_title": "",
    "seo_description": "",
    "seo_keywords": ""
  }
},
{
  "model": "lawfirm.question",
  "pk": 12,
  "fields": {
    "title": "مهریه عندالمطالبه یعنی چی؟",
    "slug": "مهریه-عندالمطالبه-یعنی-چی",
    "content": "مهریه من عندالمطالبه‌ست. یعنی چی؟",
    "asker_name": "پرسنده",
    "asker_email": "info@dadgan.com",
    "category": 1,
    "views": 0,
    "votes": 0,
    "is_answered": true,
    "is_published": true,
    "created_at": "2025-12-01T20:58:19.249Z",
    "updated_at": "2025-12-01T20:58:19.250Z",
    "seo_title": "",
    "seo_description": "",
    "seo_keywords": ""
  }
},
{
  "model": "lawfirm.question",
  "pk": 13,
  "fields": {
    "title": "گواهی عدم سازش چیه؟",
    "slug": "گواهی-عدم-سازش-چیه",
    "content": "برای طلاق به من گفتن باید گواهی عدم سازش بگیرم. این چیه؟",
    "asker_name": "پرسنده",
    "asker_email": "info@dadgan.com",
    "category": 1,
    "views": 0,
    "votes": 0,
    "is_answered": true,
    "is_published": true,
    "created_at": "2025-12-01T20:58:19.254Z",
    "updated_at": "2025-12-01T20:58:19.254Z",
    "seo_title": "",
    "seo_description": "",
    "seo_keywords": ""
  }
},
{
  "model": "lawfirm.question",
  "pk": 14,
  "fields": {
    "title": "چطور حضانت بچه رو بگیرم؟",
    "slug": "چطور-حضانت-بچه-رو-بگیرم",
    "content": "من از شوهرم جدا شدم. چطور می‌تونم حضانت بچه‌ام رو بگیرم؟",
    "asker_name": "پرسنده",
    "asker_email": "info@dadgan.com",
    "category": 1,
    "views": 0,
    "votes": 0,
    "is_answered": true,
    "is_published": true,
    "created_at": "2025-12-01T20:58:19.259Z",
    "updated_at": "2025-12-01T20:58:19.259Z",
    "seo_title": "",
    "seo_description": "",
    "seo_keywords": ""
  }
},
{
  "model": "lawfirm.question",
  "pk": 15,
  "fields": {
    "title": "اجرت‌المثل چیه؟",
    "slug": "اجرتالمثل-چیه",
    "content": "اجرت‌المثل یعنی چی و چطور به زن تعلق می‌گیره؟",
    "asker_name": "پرسنده",
    "asker_email": "info@dadgan.com",
    "category": 1,
    "views": 0,
    "votes": 0,
    "is_answered": true,
    "is_published": true,
    "created_at": "2025-12-01T20:58:19.265Z",
    "updated_at": "2025-12-01T20:58:19.265Z",
    "seo_title": "",
    "seo_description": "",
    "seo_keywords": ""
  }
},
{
  "model": "lawfirm.question",
  "pk": 16,
  "fields": {
    "title": "کارت پایان خدمت نداشته باشم می‌تونم پاسپورت بگیرم؟",
    "slug": "کارت-پایان-خدمت-نداشته-باشم-میتونم-پاسپورت-بگیرم",
    "content": "من هنوز کارت پایان خدمت ندارم. می‌تونم پاسپورت بگیرم؟",
    "asker_name": "پرسنده",
    "asker_email": "info@dadgan.com",
    "category": 1,
    "views": 0,
    "votes": 0,
    "is_answered": true,
    "is_published": true,
    "created_at": "2025-12-01T20:58:19.270Z",
    "updated_at": "2025-12-01T20:58:19.270Z",
    "seo_title": "",
    "seo_description": "",
    "seo_keywords": ""
  }
},
{
  "model": "lawfirm.question",
  "pk": 17,
  "fields": {
    "title": "پرداخت حق بیمه چطوریه؟",
    "slug": "پرداخت-حق-بیمه-چطوریه",
    "content": "کارفرما تا حالا برام بیمه رد نکرده. باید چیکار کنم؟",
    "asker_name": "پرسنده",
    "asker_email": "info@dadgan.com",
    "category": 1,
    "views": 1,
    "votes": 2,
    "is_answered": true,
    "is_published": true,
    "created_at": "2025-12-01T20:58:19.277Z",
    "updated_at": "2025-12-01T22:07:56.720Z",
    "seo_title": "",
    "seo_description": "",
    "seo_keywords": ""
  }
},
{
  "model": "lawfirm.question",
  "pk": 18,
  "fields": {
    "title": "چطور می‌تونم علیه مزاحم تلفنی اقدام کنم؟",
    "slug": "چطور-میتونم-علیه-مزاحم-تلفنی-اقدام-کنم",
    "content": "یه نفر مدام به من زنگ می‌زنه و مزاحمم میشه. چطور می‌تونم ازش شکایت کنم؟",
    "asker_name": "پرسنده",
    "asker_email": "info@dadgan.com",
    "category": 1,
    "views": 0,
    "votes": 0,
    "is_answered": true,
    "is_published": true,
    "created_at": "2025-12-01T20:58:19.282Z",
    "updated_at": "2025-12-01T20:58:19.282Z",
    "seo_title": "",
    "seo_description": "",
    "seo_keywords": ""
  }
},
{
  "model": "lawfirm.question",
  "pk": 19,
  "fields": {
    "title": "کیس پناهندگی چیه؟",
    "slug": "کیس-پناهندگی-چیه",
    "content": "پناهندگی یعنی چی و چطور می‌تونم کیس پناهندگی بگیرم؟",
    "asker_name": "پرسنده",
    "asker_email": "info@dadgan.com",
    "category": 1,
    "views": 0,
    "votes": 0,
    "is_answered": true,
    "is_published": true,
    "created_at": "2025-12-01T20:58:19.287Z",
    "updated_at": "2025-12-01T20:58:19.287Z",
    "seo_title": "",
    "seo_description": "",
    "seo_keywords": ""
  }
},
{
  "model": "lawfirm.question",
  "pk": 20,
  "fields": {
    "title": "چطور می‌تونم تابعیت ایران بگیرم؟",
    "slug": "چطور-میتونم-تابعیت-ایران-بگیرم",
    "content": "من خارجی هستم و می‌خوام تابعیت ایران رو بگیرم. مراحلش چیه؟",
    "asker_name": "پرسنده",
    "asker_email": "info@dadgan.com",
    "category": 1,
    "views": 0,
    "votes": 0,
    "is_answered": true,
    "is_published": true,
    "created_at": "2025-12-01T20:58:19.292Z",
    "updated_at": "2025-12-01T20:58:19.292Z",
    "seo_title": "",
    "seo_description": "",
    "seo_keywords": ""
  }
},
{
  "model": "lawfirm.question",
  "pk": 21,
  "fields": {
    "title": "اگر تصادف کنم و بیمه نداشته باشم چی میشه؟",
    "slug": "اگر-تصادف-کنم-و-بیمه-نداشته-باشم-چی-میشه",
    "content": "اگه تصادف کنم و بیمه نداشته باشم، چه مشکلاتی پیش میاد؟",
    "asker_name": "پرسنده",
    "asker_email": "info@dadgan.com",
    "category": 1,
    "views": 0,
    "votes": 0,
    "is_answered": true,
    "is_published": true,
    "created_at": "2025-12-01T20:58:19.297Z",
    "updated_at": "2025-12-01T20:58:19.297Z",
    "seo_title": "",
    "seo_description": "",
    "seo_keywords": ""
  }
},
{
  "model": "lawfirm.question",
  "pk": 22,
  "fields": {
    "title": "Get a Free Backlink Report for Higher Traffic",
    "slug": "get-a-free-backlink-report-for-higher-traffic",
    "content": "Claim your free backlink analysis now!\\r\\n\\r\\nhttps://aluzzion.com/go/free-backlink-analysis-tool-for-seo\\r\\n\\r\\nDive into a detailed SEO backlink analysis now to enhance your digital strategy! It’s like checking the backbone of your online presence for stability and growth. Discover the credibility your site commands, and transform your backlink profile into a roadmap for better search engine rankings and increased traffic. Detect harmful links to remove and seize opportunities for powerful link-building.\\r\\n\\r\\nThis allows for multiple variations of the message while maintaining clarity and intent.\\r\\n\\r\\n\\r\\n\\r\\n\\r\\n\\r\\n\\r\\nYou can unsubscribe by sending an email with subject \\\"Unsubscribe\\\" to hortzsteven@gmail.com\\r\\n58 Capper Street, Madera, CA, US",
    "asker_name": "پرسنده",
    "asker_email": "info@dadgan.com",
    "category": 1,
    "views": 0,
    "votes": 0,
    "is_answered": false,
    "is_published": true,
    "created_at": "2025-12-01T20:58:19.302Z",
    "updated_at": "2025-12-01T20:58:19.302Z",
    "seo_title": "",
    "seo_description": "",
    "seo_keywords": ""
  }
},
{
  "model": "lawfirm.question",
  "pk": 23,
  "fields": {
    "title": "Invest in my Investment Program and Earn $5k monthly",
    "slug": "invest-in-my-investment-program-and-earn-5k-month",
    "content": "Hi friends,\\r\\n\\r\\ni want to ask u invest in my program u need minimum 10k dollar , u can make 5k profit every month!\\r\\n\\r\\ni have very secret way if u interesting please book a call here:\\r\\n\\r\\nmy calendly: https://profitparadigm.io/\\r\\nmy email: support@profitparadigm.io\\r\\nmy whatsapp: +13233172804\\r\\nmy instagram: https://www.instagram.com/sauzetin\\r\\nmy business facebook: https://www.facebook.com/profitparadigm.io\\r\\nmy facebook: https://www.facebook.com/draustindo?mibextid=LQQJ4d\\r\\n\\r\\nwaiting to see u asap if u want to make tons of money from my program.",
    "asker_name": "پرسنده",
    "asker_email": "info@dadgan.com",
    "category": 1,
    "views": 0,
    "votes": 0,
    "is_answered": false,
    "is_published": true,
    "created_at": "2025-12-01T20:58:19.306Z",
    "updated_at": "2025-12-01T20:58:19.306Z",
    "seo_title": "",
    "seo_description": "",
    "seo_keywords": ""
  }
},
{
  "model": "lawfirm.question",
  "pk": 24,
  "fields": {
    "title": "Benzinga offers free brand articles",
    "slug": "benzinga-offers-free-brand-articles",
    "content": "Hey there,\\r\\n\\r\\nAre you boost your brand visibility, build trust, and gain exposure at no cost? We’re providing a free article on Benzinga, a platform with over 14M+ monthly visitors—a fantastic opportunity to increase your company’s visibility.\\r\\n\\r\\nThis deal is only available for the first 10 people who reply, so if you’d want to take advantage of your free Benzinga article, simply reply with \\\"\\\"YES, I would like to be featured in Benzinga!\\\"\\\"\\r\\n\\r\\nI’d be excited to help your brand get the recognition it deserves.\\r\\n\\r\\nBest,  \\r\\nJonathan\\r\\n\\r\\n\\r\\n\\r\\n\\r\\nShould you don\\'t want to receive messages from us again, kindly reply back to this email saying the words: \\\"No, thank you\\\".",
    "asker_name": "پرسنده",
    "asker_email": "info@dadgan.com",
    "category": 1,
    "views": 0,
    "votes": 0,
    "is_answered": false,
    "is_published": true,
    "created_at": "2025-12-01T20:58:19.308Z",
    "updated_at": "2025-12-01T20:58:19.308Z",
    "seo_title": "",
    "seo_description": "",
    "seo_keywords": ""
  }
},
{
  "model": "lawfirm.question",
  "pk": 25,
  "fields": {
    "title": "خرید اینترنتی",
    "slug": "خرید-اینترنتی",
    "content": "من یک لپ‌تاپ استوک اینتنری خریداری کردم و وقتی دستگاه رسید به دستم متوجه شدم اونطور که فروشنده از دستگاه تعریف می‌کرده نیست و بعدش بهشون اعلام کردم که من از دستگاه خوشم نیومده و می‌خوام برگشت بزنم و قبول هم کردن بعد امروز دیگه گوشیشون رو برنمی‌دارن (البته 15 روز به بنده ظمانت بی قید و شرط دادن) الان هم نمیدونم چجور باید وارد عمل شم و پیگیری کنم",
    "asker_name": "پرسنده",
    "asker_email": "info@dadgan.com",
    "category": 1,
    "views": 0,
    "votes": 0,
    "is_answered": false,
    "is_published": true,
    "created_at": "2025-12-01T20:58:19.311Z",
    "updated_at": "2025-12-01T20:58:19.311Z",
    "seo_title": "",
    "seo_description": "",
    "seo_keywords": ""
  }
},
{
  "model": "lawfirm.question",
  "pk": 26,
  "fields": {
    "title": "Make Your Brand Prominent with a Complimentary Digital Journal Feature",
    "slug": "make-your-brand-prominent-with-a-complimentary-dig",
    "content": "Hello,\\r\\n\\r\\nDo you want your business to gain the recognition it deserves?\\r\\n\\r\\nAt Global Wide PR, we help brands get featured on respected platforms like Digital Journal and major news affiliates such as FOX, NBC, CBS, and ABC. These placements increase trust, expand reach, and give your business the credibility it needs to grow.\\r\\n\\r\\nWe’re currently offering a free article on Digital Journal to show you the value of what we do. Imagine how much stronger your brand’s reputation could become with this kind of exposure.\\r\\n\\r\\nIf you’re interested, click the link below to sign up, and we’ll guide you through the process:\\r\\nhttps://bit.ly/globalwpr\\r\\n\\r\\nCheers,\\r\\nClaudine\\r\\nGlobal Wide PR\\r\\n\\r\\n\\r\\nIf you would like to stop receiving our emails, we’ve made it easy for you. Head over to https://bit.ly/removethelist and fill out the form with your website address.",
    "asker_name": "پرسنده",
    "asker_email": "info@dadgan.com",
    "category": 1,
    "views": 0,
    "votes": 0,
    "is_answered": false,
    "is_published": true,
    "created_at": "2025-12-01T20:58:19.314Z",
    "updated_at": "2025-12-01T20:58:19.314Z",
    "seo_title": "",
    "seo_description": "",
    "seo_keywords": ""
  }
},
{
  "model": "lawfirm.question",
  "pk": 27,
  "fields": {
    "title": "درخواست همکاری",
    "slug": "درخواست-همکاری",
    "content": "سلام و عرض ادب \\r\\nاشکان نقدی هستم وکیل پایه یک دادگستری ، کارشناسی ارشد حقوقی خصوصی ، مسلط به زبان انگلیسی هستم.\\r\\nدرخواست همکاری با مجموعه حقوقی شما را دارم.\\r\\n\\r\\nاگر امکانش هست بفرمایید خدمت برسم.\\r\\n\\r\\nبا تشکر",
    "asker_name": "پرسنده",
    "asker_email": "info@dadgan.com",
    "category": 1,
    "views": 0,
    "votes": 0,
    "is_answered": false,
    "is_published": true,
    "created_at": "2025-12-01T20:58:19.317Z",
    "updated_at": "2025-12-01T20:58:19.317Z",
    "seo_title": "",
    "seo_description": "",
    "seo_keywords": ""
  }
},
{
  "model": "lawfirm.question",
  "pk": 28,
  "fields": {
    "title": "رابطه",
    "slug": "رابطه",
    "content": "سلام من با یک آقایی رابطه داشتم 11 سال . و به من قول ازدواج داد . و با من رابطه جنسی برقرار میکرد . اما من را بدون دلیل رها کرد . من به طور جدی میخوام از ایشان شکایت و پیگیری قانونی کنم .میشه لطفا راهنماییم کنید.",
    "asker_name": "پرسنده",
    "asker_email": "info@dadgan.com",
    "category": 1,
    "views": 0,
    "votes": 0,
    "is_answered": false,
    "is_published": true,
    "created_at": "2025-12-01T20:58:19.320Z",
    "updated_at": "2025-12-01T20:58:19.320Z",
    "seo_title": "",
    "seo_description": "",
    "seo_keywords": ""
  }
},
{
  "model": "lawfirm.question",
  "pk": 29,
  "fields": {
    "title": "مانع در تأئیه دیون متوفی",
    "slug": "مانع-در-تأئیه-دیون-متوفی",
    "content": "سلام و وقت بخیر.\\r\\nدر ارتباط با نحوه دریافت مبالغی که فرد متوفی از اشخاص حقوقی مثل شرکت های خصوصی و سازمان های دولتی طلب داره. از لحاظ منطقی، هر کدام از وراث، در صورتی که گواهی انحصار وراثت تهیه کرده باشن، قاعدتاً، باید بتونن با مراجعه به مثلاً واحد حقوقی یا واحد مالی یا حسابداری شرکت ها و سازمان ها، بر اساس اون گواهی، سهم خودشون رو جداگانه مطالبه و دریافت کنن. درست میگم؟\\r\\nاما چیزی که من در عمل باهاش مواجه شدم اینه که، هر جا که مراجعه میکنی، میگن که «باید» یک وکالت نامۀ محضری به نام یکی از ورثه تهیه بشه تا بدهی به اون فرد معین پرداخت بشه. فرایندی که هم زمان بره، هم هزینه مالی داره، و هم اینکه ممکنه در مواردی ورثه برای تهیه چنین وکالت نامه ای توافق نداشته باشن.\\r\\nآیا از نظر قانونی الزامی بر تهیه چنین وکالت نامه ای وجود داره؟ آیا توی چنین مواردی همون گواهی انحصار وراثت برای درخواست تأدیه دین کفایت نمیکنه؟\\r\\nبا تشکر.",
    "asker_name": "پرسنده",
    "asker_email": "info@dadgan.com",
    "category": 1,
    "views": 0,
    "votes": 0,
    "is_answered": false,
    "is_published": true,
    "created_at": "2025-12-01T20:58:19.322Z",
    "updated_at": "2025-12-01T20:58:19.322Z",
    "seo_title": "",
    "seo_description": "",
    "seo_keywords": ""
  }
},
{
  "model": "lawfirm.question",
  "pk": 30,
  "fields": {
    "title": "سوال حقوق دارم برای کسب مشاره حقوقی",
    "slug": "سوال-حقوق-دارم-برای-کسب-مشاره-حقوقی-1",
    "content": "آیا می‌توانم از طریق وکیل، از حقوق خود در برابر شرکت بیمه‌ای که از پرداخت خسارت من خودداری کرده است، دفاع کنم؟",
    "asker_name": "کاربر",
    "asker_email": "user@dadgan.com",
    "category": 2,
    "views": 0,
    "votes": 0,
    "is_answered": true,
    "is_published": true,
    "created_at": "2025-12-01T21:48:31.097Z",
    "updated_at": "2025-12-01T21:48:31.097Z",
    "seo_title": "سوال حقوق دارم برای کسب مشاره حقوقی",
    "seo_description": "آیا می‌توانم از طریق وکیل، از حقوق خود در برابر شرکت بیمه‌ای که از پرداخت خسارت من خودداری کرده است، دفاع کنم؟",
    "seo_keywords": "مشاوره حقوقی, سوال حقوقی"
  }
},
{
  "model": "lawfirm.question",
  "pk": 31,
  "fields": {
    "title": "مهریه چطور به زن تعلق می‌گیره؟",
    "slug": "مهریه-چطور-به-زن-تعلق-میگیره-1",
    "content": "من تازه عقد کردم، می‌خوام بدونم مهریه چطوری به زن تعلق می‌گیره؟",
    "asker_name": "کاربر",
    "asker_email": "user@dadgan.com",
    "category": 2,
    "views": 0,
    "votes": 0,
    "is_answered": true,
    "is_published": true,
    "created_at": "2025-12-01T21:48:31.101Z",
    "updated_at": "2025-12-01T21:48:31.101Z",
    "seo_title": "مهریه چطور به زن تعلق می‌گیره؟",
    "seo_description": "من تازه عقد کردم، می‌خوام بدونم مهریه چطوری به زن تعلق می‌گیره؟",
    "seo_keywords": "مشاوره حقوقی, سوال حقوقی"
  }
},
{
  "model": "lawfirm.question",
  "pk": 32,
  "fields": {
    "title": "چطور سفته رو اجرا بذارم؟",
    "slug": "چطور-سفته-رو-اجرا-بذارم-1",
    "content": "یک سفته دستمه که تاریخش گذشته، حالا چطور می‌تونم اجراییه بگیرم؟",
    "asker_name": "کاربر",
    "asker_email": "user@dadgan.com",
    "category": 2,
    "views": 0,
    "votes": 0,
    "is_answered": true,
    "is_published": true,
    "created_at": "2025-12-01T21:48:31.104Z",
    "updated_at": "2025-12-01T21:48:31.104Z",
    "seo_title": "چطور سفته رو اجرا بذارم؟",
    "seo_description": "یک سفته دستمه که تاریخش گذشته، حالا چطور می‌تونم اجراییه بگیرم؟",
    "seo_keywords": "مشاوره حقوقی, سوال حقوقی"
  }
},
{
  "model": "lawfirm.question",
  "pk": 33,
  "fields": {
    "title": "برای ثبت شرکت چیکار باید بکنم؟",
    "slug": "برای-ثبت-شرکت-چیکار-باید-بکنم-1",
    "content": "می‌خوام یه شرکت بزنم ولی نمی‌دونم مراحلش چیه؟",
    "asker_name": "کاربر",
    "asker_email": "user@dadgan.com",
    "category": 2,
    "views": 0,
    "votes": 0,
    "is_answered": true,
    "is_published": true,
    "created_at": "2025-12-01T21:48:31.108Z",
    "updated_at": "2025-12-01T21:48:31.108Z",
    "seo_title": "برای ثبت شرکت چیکار باید بکنم؟",
    "seo_description": "می‌خوام یه شرکت بزنم ولی نمی‌دونم مراحلش چیه؟",
    "seo_keywords": "مشاوره حقوقی, سوال حقوقی"
  }
},
{
  "model": "lawfirm.question",
  "pk": 34,
  "fields": {
    "title": "چطور می‌تونم حق طلاق بگیرم؟",
    "slug": "چطور-میتونم-حق-طلاق-بگیرم-1",
    "content": "شوهرم نمی‌خواد من رو طلاق بده. من چطور می‌تونم حق طلاق بگیرم؟",
    "asker_name": "کاربر",
    "asker_email": "user@dadgan.com",
    "category": 2,
    "views": 0,
    "votes": 0,
    "is_answered": true,
    "is_published": true,
    "created_at": "2025-12-01T21:48:31.111Z",
    "updated_at": "2025-12-01T21:48:31.111Z",
    "seo_title": "چطور می‌تونم حق طلاق بگیرم؟",
    "seo_description": "شوهرم نمی‌خواد من رو طلاق بده. من چطور می‌تونم حق طلاق بگیرم؟",
    "seo_keywords": "مشاوره حقوقی, سوال حقوقی"
  }
},
{
  "model": "lawfirm.question",
  "pk": 35,
  "fields": {
    "title": "چطور می‌تونم از شوهرم نفقه بگیرم؟",
    "slug": "چطور-میتونم-از-شوهرم-نفقه-بگیرم-1",
    "content": "شوهرم مدتیه که نفقه نمی‌ده. چطور می‌تونم حقمو بگیرم؟",
    "asker_name": "کاربر",
    "asker_email": "user@dadgan.com",
    "category": 2,
    "views": 0,
    "votes": 0,
    "is_answered": true,
    "is_published": true,
    "created_at": "2025-12-01T21:48:31.115Z",
    "updated_at": "2025-12-01T21:48:31.115Z",
    "seo_title": "چطور می‌تونم از شوهرم نفقه بگیرم؟",
    "seo_description": "شوهرم مدتیه که نفقه نمی‌ده. چطور می‌تونم حقمو بگیرم؟",
    "seo_keywords": "مشاوره حقوقی, سوال حقوقی"
  }
},
{
  "model": "lawfirm.question",
  "pk": 36,
  "fields": {
    "title": "چک برگشتی رو چطور باید پیگیری کنم؟",
    "slug": "چک-برگشتی-رو-چطور-باید-پیگیری-کنم-1",
    "content": "یک چک برگشتی دارم، چطور می‌تونم ازش شکایت کنم؟",
    "asker_name": "کاربر",
    "asker_email": "user@dadgan.com",
    "category": 2,
    "views": 0,
    "votes": 0,
    "is_answered": true,
    "is_published": true,
    "created_at": "2025-12-01T21:48:31.118Z",
    "updated_at": "2025-12-01T21:48:31.118Z",
    "seo_title": "چک برگشتی رو چطور باید پیگیری کنم؟",
    "seo_description": "یک چک برگشتی دارم، چطور می‌تونم ازش شکایت کنم؟",
    "seo_keywords": "مشاوره حقوقی, سوال حقوقی"
  }
},
{
  "model": "lawfirm.question",
  "pk": 37,
  "fields": {
    "title": "دیه چیه و چطور محاسبه میشه؟",
    "slug": "دیه-چیه-و-چطور-محاسبه-میشه-1",
    "content": "دیه دقیقاً چیه و چطور حساب میشه؟",
    "asker_name": "کاربر",
    "asker_email": "user@dadgan.com",
    "category": 2,
    "views": 0,
    "votes": 0,
    "is_answered": true,
    "is_published": true,
    "created_at": "2025-12-01T21:48:31.122Z",
    "updated_at": "2025-12-01T21:48:31.122Z",
    "seo_title": "دیه چیه و چطور محاسبه میشه؟",
    "seo_description": "دیه دقیقاً چیه و چطور حساب میشه؟",
    "seo_keywords": "مشاوره حقوقی, سوال حقوقی"
  }
},
{
  "model": "lawfirm.question",
  "pk": 38,
  "fields": {
    "title": "کسی که اجاره‌خونه نده رو چطور میشه بیرون کرد؟",
    "slug": "کسی-که-اجارهخونه-نده-رو-چطور-میشه-بیرون-کرد-1",
    "content": "مستاجرم چند ماهه اجاره نداده، چطور می‌تونم قانونی بیرونش کنم؟",
    "asker_name": "کاربر",
    "asker_email": "user@dadgan.com",
    "category": 2,
    "views": 0,
    "votes": 0,
    "is_answered": true,
    "is_published": true,
    "created_at": "2025-12-01T21:48:31.125Z",
    "updated_at": "2025-12-01T21:48:31.125Z",
    "seo_title": "کسی که اجاره‌خونه نده رو چطور میشه بیرون کرد؟",
    "seo_description": "مستاجرم چند ماهه اجاره نداده، چطور می‌تونم قانونی بیرونش کنم؟",
    "seo_keywords": "مشاوره حقوقی, سوال حقوقی"
  }
},
{
  "model": "lawfirm.question",
  "pk": 39,
  "fields": {
    "title": "سهم الارث چطور تقسیم میشه؟",
    "slug": "سهم-الارث-چطور-تقسیم-میشه-1",
    "content": "بعد از فوت پدرم، ما چند تا وارثیم. چطور سهم الارث تقسیم میشه؟",
    "asker_name": "کاربر",
    "asker_email": "user@dadgan.com",
    "category": 2,
    "views": 0,
    "votes": 0,
    "is_answered": true,
    "is_published": true,
    "created_at": "2025-12-01T21:48:31.130Z",
    "updated_at": "2025-12-01T21:48:31.130Z",
    "seo_title": "سهم الارث چطور تقسیم میشه؟",
    "seo_description": "بعد از فوت پدرم، ما چند تا وارثیم. چطور سهم الارث تقسیم میشه؟",
    "seo_keywords": "مشاوره حقوقی, سوال حقوقی"
  }
},
{
  "model": "lawfirm.question",
  "pk": 40,
  "fields": {
    "title": "اگر کارفرما حقوق نده باید چیکار کنم؟",
    "slug": "اگر-کارفرما-حقوق-نده-باید-چیکار-کنم-1",
    "content": "چند ماهه کارفرمام حقوق نداده. می‌تونم شکایت کنم؟",
    "asker_name": "کاربر",
    "asker_email": "user@dadgan.com",
    "category": 2,
    "views": 0,
    "votes": 0,
    "is_answered": true,
    "is_published": true,
    "created_at": "2025-12-01T21:48:31.134Z",
    "updated_at": "2025-12-01T21:48:31.134Z",
    "seo_title": "اگر کارفرما حقوق نده باید چیکار کنم؟",
    "seo_description": "چند ماهه کارفرمام حقوق نداده. می‌تونم شکایت کنم؟",
    "seo_keywords": "مشاوره حقوقی, سوال حقوقی"
  }
},
{
  "model": "lawfirm.question",
  "pk": 41,
  "fields": {
    "title": "مهریه عندالمطالبه یعنی چی؟",
    "slug": "مهریه-عندالمطالبه-یعنی-چی-1",
    "content": "مهریه من عندالمطالبه‌ست. یعنی چی؟",
    "asker_name": "کاربر",
    "asker_email": "user@dadgan.com",
    "category": 2,
    "views": 0,
    "votes": 0,
    "is_answered": true,
    "is_published": true,
    "created_at": "2025-12-01T21:48:31.138Z",
    "updated_at": "2025-12-01T21:48:31.138Z",
    "seo_title": "مهریه عندالمطالبه یعنی چی؟",
    "seo_description": "مهریه من عندالمطالبه‌ست. یعنی چی؟",
    "seo_keywords": "مشاوره حقوقی, سوال حقوقی"
  }
},
{
  "model": "lawfirm.question",
  "pk": 42,
  "fields": {
    "title": "گواهی عدم سازش چیه؟",
    "slug": "گواهی-عدم-سازش-چیه-1",
    "content": "برای طلاق به من گفتن باید گواهی عدم سازش بگیرم. این چیه؟",
    "asker_name": "کاربر",
    "asker_email": "user@dadgan.com",
    "category": 2,
    "views": 0,
    "votes": 0,
    "is_answered": true,
    "is_published": true,
    "created_at": "2025-12-01T21:48:31.141Z",
    "updated_at": "2025-12-01T21:48:31.141Z",
    "seo_title": "گواهی عدم سازش چیه؟",
    "seo_description": "برای طلاق به من گفتن باید گواهی عدم سازش بگیرم. این چیه؟",
    "seo_keywords": "مشاوره حقوقی, سوال حقوقی"
  }
},
{
  "model": "lawfirm.question",
  "pk": 43,
  "fields": {
    "title": "چطور حضانت بچه رو بگیرم؟",
    "slug": "چطور-حضانت-بچه-رو-بگیرم-1",
    "content": "من از شوهرم جدا شدم. چطور می‌تونم حضانت بچه‌ام رو بگیرم؟",
    "asker_name": "کاربر",
    "asker_email": "user@dadgan.com",
    "category": 2,
    "views": 0,
    "votes": 0,
    "is_answered": true,
    "is_published": true,
    "created_at": "2025-12-01T21:48:31.145Z",
    "updated_at": "2025-12-01T21:48:31.145Z",
    "seo_title": "چطور حضانت بچه رو بگیرم؟",
    "seo_description": "من از شوهرم جدا شدم. چطور می‌تونم حضانت بچه‌ام رو بگیرم؟",
    "seo_keywords": "مشاوره حقوقی, سوال حقوقی"
  }
},
{
  "model": "lawfirm.question",
  "pk": 44,
  "fields": {
    "title": "اجرت‌المثل چیه؟",
    "slug": "اجرتالمثل-چیه-1",
    "content": "اجرت‌المثل یعنی چی و چطور به زن تعلق می‌گیره؟",
    "asker_name": "کاربر",
    "asker_email": "user@dadgan.com",
    "category": 2,
    "views": 0,
    "votes": 0,
    "is_answered": true,
    "is_published": true,
    "created_at": "2025-12-01T21:48:31.148Z",
    "updated_at": "2025-12-01T21:48:31.148Z",
    "seo_title": "اجرت‌المثل چیه؟",
    "seo_description": "اجرت‌المثل یعنی چی و چطور به زن تعلق می‌گیره؟",
    "seo_keywords": "مشاوره حقوقی, سوال حقوقی"
  }
},
{
  "model": "lawfirm.question",
  "pk": 45,
  "fields": {
    "title": "کارت پایان خدمت نداشته باشم می‌تونم پاسپورت بگیرم؟",
    "slug": "کارت-پایان-خدمت-نداشته-باشم-میتونم-پاسپورت-بگیرم-1",
    "content": "من هنوز کارت پایان خدمت ندارم. می‌تونم پاسپورت بگیرم؟",
    "asker_name": "کاربر",
    "asker_email": "user@dadgan.com",
    "category": 2,
    "views": 0,
    "votes": 0,
    "is_answered": true,
    "is_published": true,
    "created_at": "2025-12-01T21:48:31.152Z",
    "updated_at": "2025-12-01T21:48:31.152Z",
    "seo_title": "کارت پایان خدمت نداشته باشم می‌تونم پاسپورت بگیرم؟",
    "seo_description": "من هنوز کارت پایان خدمت ندارم. می‌تونم پاسپورت بگیرم؟",
    "seo_keywords": "مشاوره حقوقی, سوال حقوقی"
  }
},
{
  "model": "lawfirm.question",
  "pk": 46,
  "fields": {
    "title": "پرداخت حق بیمه چطوریه؟",
    "slug": "پرداخت-حق-بیمه-چطوریه-1",
    "content": "کارفرما تا حالا برام بیمه رد نکرده. باید چیکار کنم؟",
    "asker_name": "کاربر",
    "asker_email": "user@dadgan.com",
    "category": 2,
    "views": 0,
    "votes": 0,
    "is_answered": true,
    "is_published": true,
    "created_at": "2025-12-01T21:48:31.155Z",
    "updated_at": "2025-12-01T21:48:31.156Z",
    "seo_title": "پرداخت حق بیمه چطوریه؟",
    "seo_description": "کارفرما تا حالا برام بیمه رد نکرده. باید چیکار کنم؟",
    "seo_keywords": "مشاوره حقوقی, سوال حقوقی"
  }
},
{
  "model": "lawfirm.question",
  "pk": 47,
  "fields": {
    "title": "چطور می‌تونم علیه مزاحم تلفنی اقدام کنم؟",
    "slug": "چطور-میتونم-علیه-مزاحم-تلفنی-اقدام-کنم-1",
    "content": "یه نفر مدام به من زنگ می‌زنه و مزاحمم میشه. چطور می‌تونم ازش شکایت کنم؟",
    "asker_name": "کاربر",
    "asker_email": "user@dadgan.com",
    "category": 2,
    "views": 0,
    "votes": 0,
    "is_answered": true,
    "is_published": true,
    "created_at": "2025-12-01T21:48:31.159Z",
    "updated_at": "2025-12-01T21:48:31.159Z",
    "seo_title": "چطور می‌تونم علیه مزاحم تلفنی اقدام کنم؟",
    "seo_description": "یه نفر مدام به من زنگ می‌زنه و مزاحمم میشه. چطور می‌تونم ازش شکایت کنم؟",
    "seo_keywords": "مشاوره حقوقی, سوال حقوقی"
  }
},
{
  "model": "lawfirm.question",
  "pk": 48,
  "fields": {
    "title": "کیس پناهندگی چیه؟",
    "slug": "کیس-پناهندگی-چیه-1",
    "content": "پناهندگی یعنی چی و چطور می‌تونم کیس پناهندگی بگیرم؟",
    "asker_name": "کاربر",
    "asker_email": "user@dadgan.com",
    "category": 2,
    "views": 0,
    "votes": 0,
    "is_answered": true,
    "is_published": true,
    "created_at": "2025-12-01T21:48:31.164Z",
    "updated_at": "2025-12-01T21:48:31.164Z",
    "seo_title": "کیس پناهندگی چیه؟",
    "seo_description": "پناهندگی یعنی چی و چطور می‌تونم کیس پناهندگی بگیرم؟",
    "seo_keywords": "مشاوره حقوقی, سوال حقوقی"
  }
},
{
  "model": "lawfirm.question",
  "pk": 49,
  "fields": {
    "title": "چطور می‌تونم تابعیت ایران بگیرم؟",
    "slug": "چطور-میتونم-تابعیت-ایران-بگیرم-1",
    "content": "من خارجی هستم و می‌خوام تابعیت ایران رو بگیرم. مراحلش چیه؟",
    "asker_name": "کاربر",
    "asker_email": "user@dadgan.com",
    "category": 2,
    "views": 0,
    "votes": 0,
    "is_answered": true,
    "is_published": true,
    "created_at": "2025-12-01T21:48:31.168Z",
    "updated_at": "2025-12-01T21:48:31.168Z",
    "seo_title": "چطور می‌تونم تابعیت ایران بگیرم؟",
    "seo_description": "من خارجی هستم و می‌خوام تابعیت ایران رو بگیرم. مراحلش چیه؟",
    "seo_keywords": "مشاوره حقوقی, سوال حقوقی"
  }
},
{
  "model": "lawfirm.question",
  "pk": 50,
  "fields": {
    "title": "اگر تصادف کنم و بیمه نداشته باشم چی میشه؟",
    "slug": "اگر-تصادف-کنم-و-بیمه-نداشته-باشم-چی-میشه-1",
    "content": "اگه تصادف کنم و بیمه نداشته باشم، چه مشکلاتی پیش میاد؟",
    "asker_name": "کاربر",
    "asker_email": "user@dadgan.com",
    "category": 2,
    "views": 0,
    "votes": 0,
    "is_answered": true,
    "is_published": true,
    "created_at": "2025-12-01T21:48:31.172Z",
    "updated_at": "2025-12-01T21:48:31.172Z",
    "seo_title": "اگر تصادف کنم و بیمه نداشته باشم چی میشه؟",
    "seo_description": "اگه تصادف کنم و بیمه نداشته باشم، چه مشکلاتی پیش میاد؟",
    "seo_keywords": "مشاوره حقوقی, سوال حقوقی"
  }
},
{
  "model": "lawfirm.question",
  "pk": 51,
  "fields": {
    "title": "Get a Free Backlink Report for Higher Traffic",
    "slug": "get-a-free-backlink-report-for-higher-traffic-1",
    "content": "Claim your free backlink analysis now!\r\n\r\nhttps://aluzzion.com/go/free-backlink-analysis-tool-for-seo\r\n\r\nDive into a detailed SEO backlink analysis now to enhance your digital strategy! It’s like checking the backbone of your online presence for stability and growth. Discover the credibility your site commands, and transform your backlink profile into a roadmap for better search engine rankings and increased traffic. Detect harmful links to remove and seize opportunities for powerful link-building.\r\n\r\nThis allows for multiple variations of the message while maintaining clarity and intent.\r\n\r\n\r\n\r\n\r\n\r\n\r\nYou can unsubscribe by sending an email with subject \"Unsubscribe\" to hortzsteven@gmail.com\r\n58 Capper Street, Madera, CA, US",
    "asker_name": "کاربر",
    "asker_email": "user@dadgan.com",
    "category": 2,
    "views": 0,
    "votes": 0,
    "is_answered": false,
    "is_published": true,
    "created_at": "2025-12-01T21:48:31.175Z",
    "updated_at": "2025-12-01T21:48:31.175Z",
    "seo_title": "Get a Free Backlink Report for Higher Traffic",
    "seo_description": "Claim your free backlink analysis now!\r\n\r\nhttps://aluzzion.com/go/free-backlink-analysis-tool-for-seo\r\n\r\nDive into a detailed SEO backlink analysis now to enhan",
    "seo_keywords": "مشاوره حقوقی, سوال حقوقی"
  }
},
{
  "model": "lawfirm.question",
  "pk": 52,
  "fields": {
    "title": "Invest in my Investment Program and Earn $5k monthly",
    "slug": "invest-in-my-investment-program-and-earn-5k-monthly",
    "content": "Hi friends,\r\n\r\ni want to ask u invest in my program u need minimum 10k dollar , u can make 5k profit every month!\r\n\r\ni have very secret way if u interesting please book a call here:\r\n\r\nmy calendly: https://profitparadigm.io/\r\nmy email: support@profitparadigm.io\r\nmy whatsapp: +13233172804\r\nmy instagram: https://www.instagram.com/sauzetin\r\nmy business facebook: https://www.facebook.com/profitparadigm.io\r\nmy facebook: https://www.facebook.com/draustindo?mibextid=LQQJ4d\r\n\r\nwaiting to see u asap if u want to make tons of money from my program.",
    "asker_name": "کاربر",
    "asker_email": "user@dadgan.com",
    "category": 2,
    "views": 0,
    "votes": 0,
    "is_answered": false,
    "is_published": true,
    "created_at": "2025-12-01T21:48:31.179Z",
    "updated_at": "2025-12-01T21:48:31.179Z",
    "seo_title": "Invest in my Investment Program and Earn $5k monthly",
    "seo_description": "Hi friends,\r\n\r\ni want to ask u invest in my program u need minimum 10k dollar , u can make 5k profit every month!\r\n\r\ni have very secret way if u interesting ple",
    "seo_keywords": "مشاوره حقوقی, سوال حقوقی"
  }
},
{
  "model": "lawfirm.question",
  "pk": 53,
  "fields": {
    "title": "Benzinga offers free brand articles",
    "slug": "benzinga-offers-free-brand-articles-1",
    "content": "Hey there,\r\n\r\nAre you boost your brand visibility, build trust, and gain exposure at no cost? We’re providing a free article on Benzinga, a platform with over 14M+ monthly visitors—a fantastic opportunity to increase your company’s visibility.\r\n\r\nThis deal is only available for the first 10 people who reply, so if you’d want to take advantage of your free Benzinga article, simply reply with \"\"YES, I would like to be featured in Benzinga!\"\"\r\n\r\nI’d be excited to help your brand get the recognition it deserves.\r\n\r\nBest,  \r\nJonathan\r\n\r\n\r\n\r\n\r\nShould you don't want to receive messages from us again, kindly reply back to this email saying the words: \"No, thank you\".",
    "asker_name": "کاربر",
    "asker_email": "user@dadgan.com",
    "category": 2,
    "views": 0,
    "votes": 0,
    "is_answered": false,
    "is_published": true,
    "created_at": "2025-12-01T21:48:31.183Z",
    "updated_at": "2025-12-01T21:48:31.183Z",
    "seo_title": "Benzinga offers free brand articles",
    "seo_description": "Hey there,\r\n\r\nAre you boost your brand visibility, build trust, and gain exposure at no cost? We’re providing a free article on Benzinga, a platform with over 1",
    "seo_keywords": "مشاوره حقوقی, سوال حقوقی"
  }
},
{
  "model": "lawfirm.question",
  "pk": 54,
  "fields": {
    "title": "خرید اینترنتی",
    "slug": "خرید-اینترنتی-1",
    "content": "من یک لپ‌تاپ استوک اینتنری خریداری کردم و وقتی دستگاه رسید به دستم متوجه شدم اونطور که فروشنده از دستگاه تعریف می‌کرده نیست و بعدش بهشون اعلام کردم که من از دستگاه خوشم نیومده و می‌خوام برگشت بزنم و قبول هم کردن بعد امروز دیگه گوشیشون رو برنمی‌دارن (البته 15 روز به بنده ظمانت بی قید و شرط دادن) الان هم نمیدونم چجور باید وارد عمل شم و پیگیری کنم",
    "asker_name": "کاربر",
    "asker_email": "user@dadgan.com",
    "category": 2,
    "views": 0,
    "votes": 0,
    "is_answered": false,
    "is_published": true,
    "created_at": "2025-12-01T21:48:31.186Z",
    "updated_at": "2025-12-01T21:48:31.186Z",
    "seo_title": "خرید اینترنتی",
    "seo_description": "من یک لپ‌تاپ استوک اینتنری خریداری کردم و وقتی دستگاه رسید به دستم متوجه شدم اونطور که فروشنده از دستگاه تعریف می‌کرده نیست و بعدش بهشون اعلام کردم که من از دست",
    "seo_keywords": "مشاوره حقوقی, سوال حقوقی"
  }
},
{
  "model": "lawfirm.question",
  "pk": 55,
  "fields": {
    "title": "Make Your Brand Prominent with a Complimentary Digital Journal Feature",
    "slug": "make-your-brand-prominent-with-a-complimentary-digital-journal-feature",
    "content": "Hello,\r\n\r\nDo you want your business to gain the recognition it deserves?\r\n\r\nAt Global Wide PR, we help brands get featured on respected platforms like Digital Journal and major news affiliates such as FOX, NBC, CBS, and ABC. These placements increase trust, expand reach, and give your business the credibility it needs to grow.\r\n\r\nWe’re currently offering a free article on Digital Journal to show you the value of what we do. Imagine how much stronger your brand’s reputation could become with this kind of exposure.\r\n\r\nIf you’re interested, click the link below to sign up, and we’ll guide you through the process:\r\nhttps://bit.ly/globalwpr\r\n\r\nCheers,\r\nClaudine\r\nGlobal Wide PR\r\n\r\n\r\nIf you would like to stop receiving our emails, we’ve made it easy for you. Head over to https://bit.ly/removethelist and fill out the form with your website address.",
    "asker_name": "کاربر",
    "asker_email": "user@dadgan.com",
    "category": 2,
    "views": 0,
    "votes": 0,
    "is_answered": false,
    "is_published": true,
    "created_at": "2025-12-01T21:48:31.189Z",
    "updated_at": "2025-12-01T21:48:31.189Z",
    "seo_title": "Make Your Brand Prominent with a Complimentary Digital Journ",
    "seo_description": "Hello,\r\n\r\nDo you want your business to gain the recognition it deserves?\r\n\r\nAt Global Wide PR, we help brands get featured on respected platforms like Digital J",
    "seo_keywords": "مشاوره حقوقی, سوال حقوقی"
  }
},
{
  "model": "lawfirm.question",
  "pk": 56,
  "fields": {
    "title": "درخواست همکاری",
    "slug": "درخواست-همکاری-1",
    "content": "سلام و عرض ادب \r\nاشکان نقدی هستم وکیل پایه یک دادگستری ، کارشناسی ارشد حقوقی خصوصی ، مسلط به زبان انگلیسی هستم.\r\nدرخواست همکاری با مجموعه حقوقی شما را دارم.\r\n\r\nاگر امکانش هست بفرمایید خدمت برسم.\r\n\r\nبا تشکر",
    "asker_name": "کاربر",
    "asker_email": "user@dadgan.com",
    "category": 2,
    "views": 0,
    "votes": 0,
    "is_answered": false,
    "is_published": true,
    "created_at": "2025-12-01T21:48:31.194Z",
    "updated_at": "2025-12-01T21:48:31.194Z",
    "seo_title": "درخواست همکاری",
    "seo_description": "سلام و عرض ادب \r\nاشکان نقدی هستم وکیل پایه یک دادگستری ، کارشناسی ارشد حقوقی خصوصی ، مسلط به زبان انگلیسی هستم.\r\nدرخواست همکاری با مجموعه حقوقی شما را دارم.\r\n\r\n",
    "seo_keywords": "مشاوره حقوقی, سوال حقوقی"
  }
},
{
  "model": "lawfirm.question",
  "pk": 57,
  "fields": {
    "title": "رابطه",
    "slug": "رابطه-1",
    "content": "سلام من با یک آقایی رابطه داشتم 11 سال . و به من قول ازدواج داد . و با من رابطه جنسی برقرار میکرد . اما من را بدون دلیل رها کرد . من به طور جدی میخوام از ایشان شکایت و پیگیری قانونی کنم .میشه لطفا راهنماییم کنید.",
    "asker_name": "کاربر",
    "asker_email": "user@dadgan.com",
    "category": 2,
    "views": 0,
    "votes": 0,
    "is_answered": false,
    "is_published": true,
    "created_at": "2025-12-01T21:48:31.198Z",
    "updated_at": "2025-12-01T21:48:31.198Z",
    "seo_title": "رابطه",
    "seo_description": "سلام من با یک آقایی رابطه داشتم 11 سال . و به من قول ازدواج داد . و با من رابطه جنسی برقرار میکرد . اما من را بدون دلیل رها کرد . من به طور جدی میخوام از ایشان ",
    "seo_keywords": "مشاوره حقوقی, سوال حقوقی"
  }
},
{
  "model": "lawfirm.question",
  "pk": 58,
  "fields": {
    "title": "مانع در تأئیه دیون متوفی",
    "slug": "مانع-در-تأئیه-دیون-متوفی-1",
    "content": "سلام و وقت بخیر.\r\nدر ارتباط با نحوه دریافت مبالغی که فرد متوفی از اشخاص حقوقی مثل شرکت های خصوصی و سازمان های دولتی طلب داره. از لحاظ منطقی، هر کدام از وراث، در صورتی که گواهی انحصار وراثت تهیه کرده باشن، قاعدتاً، باید بتونن با مراجعه به مثلاً واحد حقوقی یا واحد مالی یا حسابداری شرکت ها و سازمان ها، بر اساس اون گواهی، سهم خودشون رو جداگانه مطالبه و دریافت کنن. درست میگم؟\r\nاما چیزی که من در عمل باهاش مواجه شدم اینه که، هر جا که مراجعه میکنی، میگن که «باید» یک وکالت نامۀ محضری به نام یکی از ورثه تهیه بشه تا بدهی به اون فرد معین پرداخت بشه. فرایندی که هم زمان بره، هم هزینه مالی داره، و هم اینکه ممکنه در مواردی ورثه برای تهیه چنین وکالت نامه ای توافق نداشته باشن.\r\nآیا از نظر قانونی الزامی بر تهیه چنین وکالت نامه ای وجود داره؟ آیا توی چنین مواردی همون گواهی انحصار وراثت برای درخواست تأدیه دین کفایت نمیکنه؟\r\nبا تشکر.",
    "asker_name": "کاربر",
    "asker_email": "user@dadgan.com",
    "category": 2,
    "views": 0,
    "votes": 0,
    "is_answered": false,
    "is_published": true,
    "created_at": "2025-12-01T21:48:31.201Z",
    "updated_at": "2025-12-01T21:48:31.201Z",
    "seo_title": "مانع در تأئیه دیون متوفی",
    "seo_description": "سلام و وقت بخیر.\r\nدر ارتباط با نحوه دریافت مبالغی که فرد متوفی از اشخاص حقوقی مثل شرکت های خصوصی و سازمان های دولتی طلب داره. از لحاظ منطقی، هر کدام از وراث، در",
    "seo_keywords": "مشاوره حقوقی, سوال حقوقی"
  }
},
{
  "model": "lawfirm.question",
  "pk": 59,
  "fields": {
    "title": "سوال حقوق دارم برای کسب مشاره حقوقی",
    "slug": "سوال-حقوق-دارم-برای-کسب-مشاره-حقوقی-2",
    "content": "آیا می‌توانم از طریق وکیل، از حقوق خود در برابر شرکت بیمه‌ای که از پرداخت خسارت من خودداری کرده است، دفاع کنم؟",
    "asker_name": "کاربر",
    "asker_email": "user@dadgan.com",
    "category": 2,
    "views": 0,
    "votes": 0,
    "is_answered": true,
    "is_published": true,
    "created_at": "2025-12-01T21:54:19.673Z",
    "updated_at": "2025-12-01T21:54:19.673Z",
    "seo_title": "سوال حقوق دارم برای کسب مشاره حقوقی",
    "seo_description": "آیا می‌توانم از طریق وکیل، از حقوق خود در برابر شرکت بیمه‌ای که از پرداخت خسارت من خودداری کرده است، دفاع کنم؟",
    "seo_keywords": "مشاوره حقوقی, سوال حقوقی"
  }
},
{
  "model": "lawfirm.question",
  "pk": 60,
  "fields": {
    "title": "مهریه چطور به زن تعلق می‌گیره؟",
    "slug": "مهریه-چطور-به-زن-تعلق-میگیره-2",
    "content": "من تازه عقد کردم، می‌خوام بدونم مهریه چطوری به زن تعلق می‌گیره؟",
    "asker_name": "کاربر",
    "asker_email": "user@dadgan.com",
    "category": 2,
    "views": 0,
    "votes": 0,
    "is_answered": true,
    "is_published": true,
    "created_at": "2025-12-01T21:54:19.678Z",
    "updated_at": "2025-12-01T21:54:19.679Z",
    "seo_title": "مهریه چطور به زن تعلق می‌گیره؟",
    "seo_description": "من تازه عقد کردم، می‌خوام بدونم مهریه چطوری به زن تعلق می‌گیره؟",
    "seo_keywords": "مشاوره حقوقی, سوال حقوقی"
  }
},
{
  "model": "lawfirm.question",
  "pk": 61,
  "fields": {
    "title": "چطور سفته رو اجرا بذارم؟",
    "slug": "چطور-سفته-رو-اجرا-بذارم-2",
    "content": "یک سفته دستمه که تاریخش گذشته، حالا چطور می‌تونم اجراییه بگیرم؟",
    "asker_name": "کاربر",
    "asker_email": "user@dadgan.com",
    "category": 2,
    "views": 0,
    "votes": 0,
    "is_answered": true,
    "is_published": true,
    "created_at": "2025-12-01T21:54:19.683Z",
    "updated_at": "2025-12-01T21:54:19.683Z",
    "seo_title": "چطور سفته رو اجرا بذارم؟",
    "seo_description": "یک سفته دستمه که تاریخش گذشته، حالا چطور می‌تونم اجراییه بگیرم؟",
    "seo_keywords": "مشاوره حقوقی, سوال حقوقی"
  }
},
{
  "model": "lawfirm.question",
  "pk": 62,
  "fields": {
    "title": "برای ثبت شرکت چیکار باید بکنم؟",
    "slug": "برای-ثبت-شرکت-چیکار-باید-بکنم-2",
    "content": "می‌خوام یه شرکت بزنم ولی نمی‌دونم مراحلش چیه؟",
    "asker_name": "کاربر",
    "asker_email": "user@dadgan.com",
    "category": 2,
    "views": 0,
    "votes": 0,
    "is_answered": true,
    "is_published": true,
    "created_at": "2025-12-01T21:54:19.687Z",
    "updated_at": "2025-12-01T21:54:19.687Z",
    "seo_title": "برای ثبت شرکت چیکار باید بکنم؟",
    "seo_description": "می‌خوام یه شرکت بزنم ولی نمی‌دونم مراحلش چیه؟",
    "seo_keywords": "مشاوره حقوقی, سوال حقوقی"
  }
},
{
  "model": "lawfirm.question",
  "pk": 63,
  "fields": {
    "title": "چطور می‌تونم حق طلاق بگیرم؟",
    "slug": "چطور-میتونم-حق-طلاق-بگیرم-2",
    "content": "شوهرم نمی‌خواد من رو طلاق بده. من چطور می‌تونم حق طلاق بگیرم؟",
    "asker_name": "کاربر",
    "asker_email": "user@dadgan.com",
    "category": 2,
    "views": 0,
    "votes": 0,
    "is_answered": true,
    "is_published": true,
    "created_at": "2025-12-01T21:54:19.690Z",
    "updated_at": "2025-12-01T21:54:19.690Z",
    "seo_title": "چطور می‌تونم حق طلاق بگیرم؟",
    "seo_description": "شوهرم نمی‌خواد من رو طلاق بده. من چطور می‌تونم حق طلاق بگیرم؟",
    "seo_keywords": "مشاوره حقوقی, سوال حقوقی"
  }
},
{
  "model": "lawfirm.question",
  "pk": 64,
  "fields": {
    "title": "چطور می‌تونم از شوهرم نفقه بگیرم؟",
    "slug": "چطور-میتونم-از-شوهرم-نفقه-بگیرم-2",
    "content": "شوهرم مدتیه که نفقه نمی‌ده. چطور می‌تونم حقمو بگیرم؟",
    "asker_name": "کاربر",
    "asker_email": "user@dadgan.com",
    "category": 2,
    "views": 0,
    "votes": 0,
    "is_answered": true,
    "is_published": true,
    "created_at": "2025-12-01T21:54:19.694Z",
    "updated_at": "2025-12-01T21:54:19.694Z",
    "seo_title": "چطور می‌تونم از شوهرم نفقه بگیرم؟",
    "seo_description": "شوهرم مدتیه که نفقه نمی‌ده. چطور می‌تونم حقمو بگیرم؟",
    "seo_keywords": "مشاوره حقوقی, سوال حقوقی"
  }
},
{
  "model": "lawfirm.question",
  "pk": 65,
  "fields": {
    "title": "چک برگشتی رو چطور باید پیگیری کنم؟",
    "slug": "چک-برگشتی-رو-چطور-باید-پیگیری-کنم-2",
    "content": "یک چک برگشتی دارم، چطور می‌تونم ازش شکایت کنم؟",
    "asker_name": "کاربر",
    "asker_email": "user@dadgan.com",
    "category": 2,
    "views": 0,
    "votes": 0,
    "is_answered": true,
    "is_published": true,
    "created_at": "2025-12-01T21:54:19.699Z",
    "updated_at": "2025-12-01T21:54:19.699Z",
    "seo_title": "چک برگشتی رو چطور باید پیگیری کنم؟",
    "seo_description": "یک چک برگشتی دارم، چطور می‌تونم ازش شکایت کنم؟",
    "seo_keywords": "مشاوره حقوقی, سوال حقوقی"
  }
},
{
  "model": "lawfirm.question",
  "pk": 66,
  "fields": {
    "title": "دیه چیه و چطور محاسبه میشه؟",
    "slug": "دیه-چیه-و-چطور-محاسبه-میشه-2",
    "content": "دیه دقیقاً چیه و چطور حساب میشه؟",
    "asker_name": "کاربر",
    "asker_email": "user@dadgan.com",
    "category": 2,
    "views": 0,
    "votes": 0,
    "is_answered": true,
    "is_published": true,
    "created_at": "2025-12-01T21:54:19.704Z",
    "updated_at": "2025-12-01T21:54:19.704Z",
    "seo_title": "دیه چیه و چطور محاسبه میشه؟",
    "seo_description": "دیه دقیقاً چیه و چطور حساب میشه؟",
    "seo_keywords": "مشاوره حقوقی, سوال حقوقی"
  }
},
{
  "model": "lawfirm.question",
  "pk": 67,
  "fields": {
    "title": "کسی که اجاره‌خونه نده رو چطور میشه بیرون کرد؟",
    "slug": "کسی-که-اجارهخونه-نده-رو-چطور-میشه-بیرون-کرد-2",
    "content": "مستاجرم چند ماهه اجاره نداده، چطور می‌تونم قانونی بیرونش کنم؟",
    "asker_name": "کاربر",
    "asker_email": "user@dadgan.com",
    "category": 2,
    "views": 0,
    "votes": 0,
    "is_answered": true,
    "is_published": true,
    "created_at": "2025-12-01T21:54:19.708Z",
    "updated_at": "2025-12-01T21:54:19.708Z",
    "seo_title": "کسی که اجاره‌خونه نده رو چطور میشه بیرون کرد؟",
    "seo_description": "مستاجرم چند ماهه اجاره نداده، چطور می‌تونم قانونی بیرونش کنم؟",
    "seo_keywords": "مشاوره حقوقی, سوال حقوقی"
  }
},
{
  "model": "lawfirm.question",
  "pk": 68,
  "fields": {
    "title": "سهم الارث چطور تقسیم میشه؟",
    "slug": "سهم-الارث-چطور-تقسیم-میشه-2",
    "content": "بعد از فوت پدرم، ما چند تا وارثیم. چطور سهم الارث تقسیم میشه؟",
    "asker_name": "کاربر",
    "asker_email": "user@dadgan.com",
    "category": 2,
    "views": 0,
    "votes": 0,
    "is_answered": true,
    "is_published": true,
    "created_at": "2025-12-01T21:54:19.712Z",
    "updated_at": "2025-12-01T21:54:19.712Z",
    "seo_title": "سهم الارث چطور تقسیم میشه؟",
    "seo_description": "بعد از فوت پدرم، ما چند تا وارثیم. چطور سهم الارث تقسیم میشه؟",
    "seo_keywords": "مشاوره حقوقی, سوال حقوقی"
  }
},
{
  "model": "lawfirm.question",
  "pk": 69,
  "fields": {
    "title": "اگر کارفرما حقوق نده باید چیکار کنم؟",
    "slug": "اگر-کارفرما-حقوق-نده-باید-چیکار-کنم-2",
    "content": "چند ماهه کارفرمام حقوق نداده. می‌تونم شکایت کنم؟",
    "asker_name": "کاربر",
    "asker_email": "user@dadgan.com",
    "category": 2,
    "views": 0,
    "votes": 0,
    "is_answered": true,
    "is_published": true,
    "created_at": "2025-12-01T21:54:19.717Z",
    "updated_at": "2025-12-01T21:54:19.717Z",
    "seo_title": "اگر کارفرما حقوق نده باید چیکار کنم؟",
    "seo_description": "چند ماهه کارفرمام حقوق نداده. می‌تونم شکایت کنم؟",
    "seo_keywords": "مشاوره حقوقی, سوال حقوقی"
  }
},
{
  "model": "lawfirm.question",
  "pk": 70,
  "fields": {
    "title": "مهریه عندالمطالبه یعنی چی؟",
    "slug": "مهریه-عندالمطالبه-یعنی-چی-2",
    "content": "مهریه من عندالمطالبه‌ست. یعنی چی؟",
    "asker_name": "کاربر",
    "asker_email": "user@dadgan.com",
    "category": 2,
    "views": 0,
    "votes": 0,
    "is_answered": true,
    "is_published": true,
    "created_at": "2025-12-01T21:54:19.721Z",
    "updated_at": "2025-12-01T21:54:19.721Z",
    "seo_title": "مهریه عندالمطالبه یعنی چی؟",
    "seo_description": "مهریه من عندالمطالبه‌ست. یعنی چی؟",
    "seo_keywords": "مشاوره حقوقی, سوال حقوقی"
  }
},
{
  "model": "lawfirm.question",
  "pk": 71,
  "fields": {
    "title": "گواهی عدم سازش چیه؟",
    "slug": "گواهی-عدم-سازش-چیه-2",
    "content": "برای طلاق به من گفتن باید گواهی عدم سازش بگیرم. این چیه؟",
    "asker_name": "کاربر",
    "asker_email": "user@dadgan.com",
    "category": 2,
    "views": 0,
    "votes": 0,
    "is_answered": true,
    "is_published": true,
    "created_at": "2025-12-01T21:54:19.725Z",
    "updated_at": "2025-12-01T21:54:19.725Z",
    "seo_title": "گواهی عدم سازش چیه؟",
    "seo_description": "برای طلاق به من گفتن باید گواهی عدم سازش بگیرم. این چیه؟",
    "seo_keywords": "مشاوره حقوقی, سوال حقوقی"
  }
},
{
  "model": "lawfirm.question",
  "pk": 72,
  "fields": {
    "title": "چطور حضانت بچه رو بگیرم؟",
    "slug": "چطور-حضانت-بچه-رو-بگیرم-2",
    "content": "من از شوهرم جدا شدم. چطور می‌تونم حضانت بچه‌ام رو بگیرم؟",
    "asker_name": "کاربر",
    "asker_email": "user@dadgan.com",
    "category": 2,
    "views": 0,
    "votes": 0,
    "is_answered": true,
    "is_published": true,
    "created_at": "2025-12-01T21:54:19.729Z",
    "updated_at": "2025-12-01T21:54:19.729Z",
    "seo_title": "چطور حضانت بچه رو بگیرم؟",
    "seo_description": "من از شوهرم جدا شدم. چطور می‌تونم حضانت بچه‌ام رو بگیرم؟",
    "seo_keywords": "مشاوره حقوقی, سوال حقوقی"
  }
},
{
  "model": "lawfirm.question",
  "pk": 73,
  "fields": {
    "title": "اجرت‌المثل چیه؟",
    "slug": "اجرتالمثل-چیه-2",
    "content": "اجرت‌المثل یعنی چی و چطور به زن تعلق می‌گیره؟",
    "asker_name": "کاربر",
    "asker_email": "user@dadgan.com",
    "category": 2,
    "views": 0,
    "votes": 0,
    "is_answered": true,
    "is_published": true,
    "created_at": "2025-12-01T21:54:19.734Z",
    "updated_at": "2025-12-01T21:54:19.734Z",
    "seo_title": "اجرت‌المثل چیه؟",
    "seo_description": "اجرت‌المثل یعنی چی و چطور به زن تعلق می‌گیره؟",
    "seo_keywords": "مشاوره حقوقی, سوال حقوقی"
  }
},
{
  "model": "lawfirm.question",
  "pk": 74,
  "fields": {
    "title": "کارت پایان خدمت نداشته باشم می‌تونم پاسپورت بگیرم؟",
    "slug": "کارت-پایان-خدمت-نداشته-باشم-میتونم-پاسپورت-بگیرم-2",
    "content": "من هنوز کارت پایان خدمت ندارم. می‌تونم پاسپورت بگیرم؟",
    "asker_name": "کاربر",
    "asker_email": "user@dadgan.com",
    "category": 2,
    "views": 0,
    "votes": 0,
    "is_answered": true,
    "is_published": true,
    "created_at": "2025-12-01T21:54:19.738Z",
    "updated_at": "2025-12-01T21:54:19.738Z",
    "seo_title": "کارت پایان خدمت نداشته باشم می‌تونم پاسپورت بگیرم؟",
    "seo_description": "من هنوز کارت پایان خدمت ندارم. می‌تونم پاسپورت بگیرم؟",
    "seo_keywords": "مشاوره حقوقی, سوال حقوقی"
  }
},
{
  "model": "lawfirm.question",
  "pk": 75,
  "fields": {
    "title": "پرداخت حق بیمه چطوریه؟",
    "slug": "پرداخت-حق-بیمه-چطوریه-2",
    "content": "کارفرما تا حالا برام بیمه رد نکرده. باید چیکار کنم؟",
    "asker_name": "کاربر",
    "asker_email": "user@dadgan.com",
    "category": 2,
    "views": 0,
    "votes": 0,
    "is_answered": true,
    "is_published": true,
    "created_at": "2025-12-01T21:54:19.741Z",
    "updated_at": "2025-12-01T21:54:19.741Z",
    "seo_title": "پرداخت حق بیمه چطوریه؟",
    "seo_description": "کارفرما تا حالا برام بیمه رد نکرده. باید چیکار کنم؟",
    "seo_keywords": "مشاوره حقوقی, سوال حقوقی"
  }
},
{
  "model": "lawfirm.question",
  "pk": 76,
  "fields": {
    "title": "چطور می‌تونم علیه مزاحم تلفنی اقدام کنم؟",
    "slug": "چطور-میتونم-علیه-مزاحم-تلفنی-اقدام-کنم-2",
    "content": "یه نفر مدام به من زنگ می‌زنه و مزاحمم میشه. چطور می‌تونم ازش شکایت کنم؟",
    "asker_name": "کاربر",
    "asker_email": "user@dadgan.com",
    "category": 2,
    "views": 0,
    "votes": 0,
    "is_answered": true,
    "is_published": true,
    "created_at": "2025-12-01T21:54:19.744Z",
    "updated_at": "2025-12-01T21:54:19.744Z",
    "seo_title": "چطور می‌تونم علیه مزاحم تلفنی اقدام کنم؟",
    "seo_description": "یه نفر مدام به من زنگ می‌زنه و مزاحمم میشه. چطور می‌تونم ازش شکایت کنم؟",
    "seo_keywords": "مشاوره حقوقی, سوال حقوقی"
  }
},
{
  "model": "lawfirm.question",
  "pk": 77,
  "fields": {
    "title": "کیس پناهندگی چیه؟",
    "slug": "کیس-پناهندگی-چیه-2",
    "content": "پناهندگی یعنی چی و چطور می‌تونم کیس پناهندگی بگیرم؟",
    "asker_name": "کاربر",
    "asker_email": "user@dadgan.com",
    "category": 2,
    "views": 0,
    "votes": 0,
    "is_answered": true,
    "is_published": true,
    "created_at": "2025-12-01T21:54:19.749Z",
    "updated_at": "2025-12-01T21:54:19.749Z",
    "seo_title": "کیس پناهندگی چیه؟",
    "seo_description": "پناهندگی یعنی چی و چطور می‌تونم کیس پناهندگی بگیرم؟",
    "seo_keywords": "مشاوره حقوقی, سوال حقوقی"
  }
},
{
  "model": "lawfirm.question",
  "pk": 78,
  "fields": {
    "title": "چطور می‌تونم تابعیت ایران بگیرم؟",
    "slug": "چطور-میتونم-تابعیت-ایران-بگیرم-2",
    "content": "من خارجی هستم و می‌خوام تابعیت ایران رو بگیرم. مراحلش چیه؟",
    "asker_name": "کاربر",
    "asker_email": "user@dadgan.com",
    "category": 2,
    "views": 0,
    "votes": 0,
    "is_answered": true,
    "is_published": true,
    "created_at": "2025-12-01T21:54:19.752Z",
    "updated_at": "2025-12-01T21:54:19.752Z",
    "seo_title": "چطور می‌تونم تابعیت ایران بگیرم؟",
    "seo_description": "من خارجی هستم و می‌خوام تابعیت ایران رو بگیرم. مراحلش چیه؟",
    "seo_keywords": "مشاوره حقوقی, سوال حقوقی"
  }
},
{
  "model": "lawfirm.question",
  "pk": 79,
  "fields": {
    "title": "اگر تصادف کنم و بیمه نداشته باشم چی میشه؟",
    "slug": "اگر-تصادف-کنم-و-بیمه-نداشته-باشم-چی-میشه-2",
    "content": "اگه تصادف کنم و بیمه نداشته باشم، چه مشکلاتی پیش میاد؟",
    "asker_name": "کاربر",
    "asker_email": "user@dadgan.com",
    "category": 2,
    "views": 0,
    "votes": 0,
    "is_answered": true,
    "is_published": true,
    "created_at": "2025-12-01T21:54:19.757Z",
    "updated_at": "2025-12-01T21:54:19.757Z",
    "seo_title": "اگر تصادف کنم و بیمه نداشته باشم چی میشه؟",
    "seo_description": "اگه تصادف کنم و بیمه نداشته باشم، چه مشکلاتی پیش میاد؟",
    "seo_keywords": "مشاوره حقوقی, سوال حقوقی"
  }
},
{
  "model": "lawfirm.question",
  "pk": 80,
  "fields": {
    "title": "Get a Free Backlink Report for Higher Traffic",
    "slug": "get-a-free-backlink-report-for-higher-traffic-2",
    "content": "Claim your free backlink analysis now!\r\n\r\nhttps://aluzzion.com/go/free-backlink-analysis-tool-for-seo\r\n\r\nDive into a detailed SEO backlink analysis now to enhance your digital strategy! It’s like checking the backbone of your online presence for stability and growth. Discover the credibility your site commands, and transform your backlink profile into a roadmap for better search engine rankings and increased traffic. Detect harmful links to remove and seize opportunities for powerful link-building.\r\n\r\nThis allows for multiple variations of the message while maintaining clarity and intent.\r\n\r\n\r\n\r\n\r\n\r\n\r\nYou can unsubscribe by sending an email with subject \"Unsubscribe\" to hortzsteven@gmail.com\r\n58 Capper Street, Madera, CA, US",
    "asker_name": "کاربر",
    "asker_email": "user@dadgan.com",
    "category": 2,
    "views": 0,
    "votes": 0,
    "is_answered": false,
    "is_published": true,
    "created_at": "2025-12-01T21:54:19.761Z",
    "updated_at": "2025-12-01T21:54:19.761Z",
    "seo_title": "Get a Free Backlink Report for Higher Traffic",
    "seo_description": "Claim your free backlink analysis now!\r\n\r\nhttps://aluzzion.com/go/free-backlink-analysis-tool-for-seo\r\n\r\nDive into a detailed SEO backlink analysis now to enhan",
    "seo_keywords": "مشاوره حقوقی, سوال حقوقی"
  }
},
{
  "model": "lawfirm.question",
  "pk": 81,
  "fields": {
    "title": "Invest in my Investment Program and Earn $5k monthly",
    "slug": "invest-in-my-investment-program-and-earn-5k-monthly-1",
    "content": "Hi friends,\r\n\r\ni want to ask u invest in my program u need minimum 10k dollar , u can make 5k profit every month!\r\n\r\ni have very secret way if u interesting please book a call here:\r\n\r\nmy calendly: https://profitparadigm.io/\r\nmy email: support@profitparadigm.io\r\nmy whatsapp: +13233172804\r\nmy instagram: https://www.instagram.com/sauzetin\r\nmy business facebook: https://www.facebook.com/profitparadigm.io\r\nmy facebook: https://www.facebook.com/draustindo?mibextid=LQQJ4d\r\n\r\nwaiting to see u asap if u want to make tons of money from my program.",
    "asker_name": "کاربر",
    "asker_email": "user@dadgan.com",
    "category": 2,
    "views": 0,
    "votes": 0,
    "is_answered": false,
    "is_published": true,
    "created_at": "2025-12-01T21:54:19.767Z",
    "updated_at": "2025-12-01T21:54:19.767Z",
    "seo_title": "Invest in my Investment Program and Earn $5k monthly",
    "seo_description": "Hi friends,\r\n\r\ni want to ask u invest in my program u need minimum 10k dollar , u can make 5k profit every month!\r\n\r\ni have very secret way if u interesting ple",
    "seo_keywords": "مشاوره حقوقی, سوال حقوقی"
  }
},
{
  "model": "lawfirm.question",
  "pk": 82,
  "fields": {
    "title": "Benzinga offers free brand articles",
    "slug": "benzinga-offers-free-brand-articles-2",
    "content": "Hey there,\r\n\r\nAre you boost your brand visibility, build trust, and gain exposure at no cost? We’re providing a free article on Benzinga, a platform with over 14M+ monthly visitors—a fantastic opportunity to increase your company’s visibility.\r\n\r\nThis deal is only available for the first 10 people who reply, so if you’d want to take advantage of your free Benzinga article, simply reply with \"\"YES, I would like to be featured in Benzinga!\"\"\r\n\r\nI’d be excited to help your brand get the recognition it deserves.\r\n\r\nBest,  \r\nJonathan\r\n\r\n\r\n\r\n\r\nShould you don't want to receive messages from us again, kindly reply back to this email saying the words: \"No, thank you\".",
    "asker_name": "کاربر",
    "asker_email": "user@dadgan.com",
    "category": 2,
    "views": 0,
    "votes": 0,
    "is_answered": false,
    "is_published": true,
    "created_at": "2025-12-01T21:54:19.771Z",
    "updated_at": "2025-12-01T21:54:19.771Z",
    "seo_title": "Benzinga offers free brand articles",
    "seo_description": "Hey there,\r\n\r\nAre you boost your brand visibility, build trust, and gain exposure at no cost? We’re providing a free article on Benzinga, a platform with over 1",
    "seo_keywords": "مشاوره حقوقی, سوال حقوقی"
  }
},
{
  "model": "lawfirm.question",
  "pk": 83,
  "fields": {
    "title": "خرید اینترنتی",
    "slug": "خرید-اینترنتی-2",
    "content": "من یک لپ‌تاپ استوک اینتنری خریداری کردم و وقتی دستگاه رسید به دستم متوجه شدم اونطور که فروشنده از دستگاه تعریف می‌کرده نیست و بعدش بهشون اعلام کردم که من از دستگاه خوشم نیومده و می‌خوام برگشت بزنم و قبول هم کردن بعد امروز دیگه گوشیشون رو برنمی‌دارن (البته 15 روز به بنده ظمانت بی قید و شرط دادن) الان هم نمیدونم چجور باید وارد عمل شم و پیگیری کنم",
    "asker_name": "کاربر",
    "asker_email": "user@dadgan.com",
    "category": 2,
    "views": 0,
    "votes": 0,
    "is_answered": false,
    "is_published": true,
    "created_at": "2025-12-01T21:54:19.775Z",
    "updated_at": "2025-12-01T21:54:19.775Z",
    "seo_title": "خرید اینترنتی",
    "seo_description": "من یک لپ‌تاپ استوک اینتنری خریداری کردم و وقتی دستگاه رسید به دستم متوجه شدم اونطور که فروشنده از دستگاه تعریف می‌کرده نیست و بعدش بهشون اعلام کردم که من از دست",
    "seo_keywords": "مشاوره حقوقی, سوال حقوقی"
  }
},
{
  "model": "lawfirm.question",
  "pk": 84,
  "fields": {
    "title": "Make Your Brand Prominent with a Complimentary Digital Journal Feature",
    "slug": "make-your-brand-prominent-with-a-complimentary-digital-journal-feature-1",
    "content": "Hello,\r\n\r\nDo you want your business to gain the recognition it deserves?\r\n\r\nAt Global Wide PR, we help brands get featured on respected platforms like Digital Journal and major news affiliates such as FOX, NBC, CBS, and ABC. These placements increase trust, expand reach, and give your business the credibility it needs to grow.\r\n\r\nWe’re currently offering a free article on Digital Journal to show you the value of what we do. Imagine how much stronger your brand’s reputation could become with this kind of exposure.\r\n\r\nIf you’re interested, click the link below to sign up, and we’ll guide you through the process:\r\nhttps://bit.ly/globalwpr\r\n\r\nCheers,\r\nClaudine\r\nGlobal Wide PR\r\n\r\n\r\nIf you would like to stop receiving our emails, we’ve made it easy for you. Head over to https://bit.ly/removethelist and fill out the form with your website address.",
    "asker_name": "کاربر",
    "asker_email": "user@dadgan.com",
    "category": 2,
    "views": 0,
    "votes": 0,
    "is_answered": false,
    "is_published": true,
    "created_at": "2025-12-01T21:54:19.778Z",
    "updated_at": "2025-12-01T21:54:19.778Z",
    "seo_title": "Make Your Brand Prominent with a Complimentary Digital Journ",
    "seo_description": "Hello,\r\n\r\nDo you want your business to gain the recognition it deserves?\r\n\r\nAt Global Wide PR, we help brands get featured on respected platforms like Digital J",
    "seo_keywords": "مشاوره حقوقی, سوال حقوقی"
  }
},
{
  "model": "lawfirm.question",
  "pk": 85,
  "fields": {
    "title": "درخواست همکاری",
    "slug": "درخواست-همکاری-2",
    "content": "سلام و عرض ادب \r\nاشکان نقدی هستم وکیل پایه یک دادگستری ، کارشناسی ارشد حقوقی خصوصی ، مسلط به زبان انگلیسی هستم.\r\nدرخواست همکاری با مجموعه حقوقی شما را دارم.\r\n\r\nاگر امکانش هست بفرمایید خدمت برسم.\r\n\r\nبا تشکر",
    "asker_name": "کاربر",
    "asker_email": "user@dadgan.com",
    "category": 2,
    "views": 0,
    "votes": 0,
    "is_answered": false,
    "is_published": true,
    "created_at": "2025-12-01T21:54:19.782Z",
    "updated_at": "2025-12-01T21:54:19.783Z",
    "seo_title": "درخواست همکاری",
    "seo_description": "سلام و عرض ادب \r\nاشکان نقدی هستم وکیل پایه یک دادگستری ، کارشناسی ارشد حقوقی خصوصی ، مسلط به زبان انگلیسی هستم.\r\nدرخواست همکاری با مجموعه حقوقی شما را دارم.\r\n\r\n",
    "seo_keywords": "مشاوره حقوقی, سوال حقوقی"
  }
},
{
  "model": "lawfirm.question",
  "pk": 86,
  "fields": {
    "title": "رابطه",
    "slug": "رابطه-2",
    "content": "سلام من با یک آقایی رابطه داشتم 11 سال . و به من قول ازدواج داد . و با من رابطه جنسی برقرار میکرد . اما من را بدون دلیل رها کرد . من به طور جدی میخوام از ایشان شکایت و پیگیری قانونی کنم .میشه لطفا راهنماییم کنید.",
    "asker_name": "کاربر",
    "asker_email": "user@dadgan.com",
    "category": 2,
    "views": 0,
    "votes": 0,
    "is_answered": false,
    "is_published": true,
    "created_at": "2025-12-01T21:54:19.786Z",
    "updated_at": "2025-12-01T21:54:19.786Z",
    "seo_title": "رابطه",
    "seo_description": "سلام من با یک آقایی رابطه داشتم 11 سال . و به من قول ازدواج داد . و با من رابطه جنسی برقرار میکرد . اما من را بدون دلیل رها کرد . من به طور جدی میخوام از ایشان ",
    "seo_keywords": "مشاوره حقوقی, سوال حقوقی"
  }
},
{
  "model": "lawfirm.question",
  "pk": 87,
  "fields": {
    "title": "مانع در تأئیه دیون متوفی",
    "slug": "مانع-در-تأئیه-دیون-متوفی-2",
    "content": "سلام و وقت بخیر.\r\nدر ارتباط با نحوه دریافت مبالغی که فرد متوفی از اشخاص حقوقی مثل شرکت های خصوصی و سازمان های دولتی طلب داره. از لحاظ منطقی، هر کدام از وراث، در صورتی که گواهی انحصار وراثت تهیه کرده باشن، قاعدتاً، باید بتونن با مراجعه به مثلاً واحد حقوقی یا واحد مالی یا حسابداری شرکت ها و سازمان ها، بر اساس اون گواهی، سهم خودشون رو جداگانه مطالبه و دریافت کنن. درست میگم؟\r\nاما چیزی که من در عمل باهاش مواجه شدم اینه که، هر جا که مراجعه میکنی، میگن که «باید» یک وکالت نامۀ محضری به نام یکی از ورثه تهیه بشه تا بدهی به اون فرد معین پرداخت بشه. فرایندی که هم زمان بره، هم هزینه مالی داره، و هم اینکه ممکنه در مواردی ورثه برای تهیه چنین وکالت نامه ای توافق نداشته باشن.\r\nآیا از نظر قانونی الزامی بر تهیه چنین وکالت نامه ای وجود داره؟ آیا توی چنین مواردی همون گواهی انحصار وراثت برای درخواست تأدیه دین کفایت نمیکنه؟\r\nبا تشکر.",
    "asker_name": "کاربر",
    "asker_email": "user@dadgan.com",
    "category": 2,
    "views": 5,
    "votes": 0,
    "is_answered": false,
    "is_published": true,
    "created_at": "2025-12-01T21:54:19.790Z",
    "updated_at": "2025-12-01T21:54:19.790Z",
    "seo_title": "مانع در تأئیه دیون متوفی",
    "seo_description": "سلام و وقت بخیر.\r\nدر ارتباط با نحوه دریافت مبالغی که فرد متوفی از اشخاص حقوقی مثل شرکت های خصوصی و سازمان های دولتی طلب داره. از لحاظ منطقی، هر کدام از وراث، در",
    "seo_keywords": "مشاوره حقوقی, سوال حقوقی"
  }
},
{
  "model": "lawfirm.answer",
  "pk": 1,
  "fields": {
    "question": 1,
    "content": "شرکت بیمه‌ای که از پرداخت خسارت خودداری کرده است، دفاع کنید. وکیل شما می‌تواند به شما کمک کند تا حقوق خود را در دادگاه یا از طریق مذاکره با شرکت بیمه‌ای، پیگیری کنید.\\r\\n\\r\\nوکیل شما می‌تواند به شما کمک کند تا:\\r\\n\\r\\nمدارک و اسناد لازم را جمع‌آوری کنید\\r\\nشکایت خود را در دادگاه ثبت کنید\\r\\nدر جلسات دادگاه حضور پیدا کنید و از حقوق شما دفاع کنید\\r\\nبا شرکت بیمه‌ای مذاکره کنید تا به توافق برسید\\r\\nهمچنین، وکیل شما می‌تواند به شما کمک کند تا از حقوق خود در برابر شرکت بیمه‌ای آگاه شوید و از طریق قانونی، خسارت خود را دریافت کنید.",
    "answerer_name": "موسسه حقوقی دادگان",
    "answerer_title": "متخصص حقوق",
    "votes": 0,
    "is_best_answer": false,
    "is_published": true,
    "created_at": "2025-12-01T20:58:19.199Z",
    "updated_at": "2025-12-01T20:58:19.199Z"
  }
},
{
  "model": "lawfirm.answer",
  "pk": 2,
  "fields": {
    "question": 2,
    "content": "طبق قانون، مهریه به عنوان حق مالی زن شناخته می‌شود و به محض وقوع عقد نکاح به زن تعلق می‌گیرد. زن می‌تواند در هر زمانی پس از عقد درخواست مهریه کند.",
    "answerer_name": "موسسه حقوقی دادگان",
    "answerer_title": "متخصص حقوق",
    "votes": 0,
    "is_best_answer": false,
    "is_published": true,
    "created_at": "2025-12-01T20:58:19.203Z",
    "updated_at": "2025-12-01T20:58:19.203Z"
  }
},
{
  "model": "lawfirm.answer",
  "pk": 3,
  "fields": {
    "question": 3,
    "content": "برای اجرا گذاشتن سفته، ابتدا باید سفته را واخواست کنید. پس از واخواست، می‌توانید از طریق دادگاه درخواست اجراییه کنید.",
    "answerer_name": "موسسه حقوقی دادگان",
    "answerer_title": "متخصص حقوق",
    "votes": 0,
    "is_best_answer": false,
    "is_published": true,
    "created_at": "2025-12-01T20:58:19.208Z",
    "updated_at": "2025-12-01T20:58:19.208Z"
  }
},
{
  "model": "lawfirm.answer",
  "pk": 4,
  "fields": {
    "question": 4,
    "content": "برای ثبت شرکت، باید ابتدا نوع شرکت را مشخص کنید (سهامی خاص، مسئولیت محدود و غیره)، سپس از طریق سامانه ثبت شرکت‌ها مدارک مورد نیاز را تهیه و ارسال کنید.",
    "answerer_name": "موسسه حقوقی دادگان",
    "answerer_title": "متخصص حقوق",
    "votes": 0,
    "is_best_answer": false,
    "is_published": true,
    "created_at": "2025-12-01T20:58:19.213Z",
    "updated_at": "2025-12-01T20:58:19.213Z"
  }
},
{
  "model": "lawfirm.answer",
  "pk": 5,
  "fields": {
    "question": 5,
    "content": "اگر شوهر شما حاضر به طلاق نیست، شما می‌توانید با ارائه دلایلی مانند عسر و حرج (سختی در زندگی مشترک) یا عدم پرداخت نفقه، درخواست طلاق کنید. همچنین در صورت داشتن شروط ضمن عقد، می‌توانید از آن استفاده کنید.",
    "answerer_name": "موسسه حقوقی دادگان",
    "answerer_title": "متخصص حقوق",
    "votes": 0,
    "is_best_answer": false,
    "is_published": true,
    "created_at": "2025-12-01T20:58:19.218Z",
    "updated_at": "2025-12-01T20:58:19.218Z"
  }
},
{
  "model": "lawfirm.answer",
  "pk": 6,
  "fields": {
    "question": 6,
    "content": "شما می‌توانید با مراجعه به دادگاه خانواده و ارائه دادخواست، درخواست نفقه معوقه کنید. نفقه یک حق قانونی برای زن است و شوهر موظف به پرداخت آن است.",
    "answerer_name": "موسسه حقوقی دادگان",
    "answerer_title": "متخصص حقوق",
    "votes": 0,
    "is_best_answer": false,
    "is_published": true,
    "created_at": "2025-12-01T20:58:19.222Z",
    "updated_at": "2025-12-01T20:58:19.222Z"
  }
},
{
  "model": "lawfirm.answer",
  "pk": 7,
  "fields": {
    "question": 7,
    "content": "برای پیگیری چک برگشتی، ابتدا باید گواهی عدم پرداخت از بانک دریافت کنید و سپس با ارائه آن به دادگاه، دادخواست مطالبه وجه چک را مطرح کنید.",
    "answerer_name": "موسسه حقوقی دادگان",
    "answerer_title": "متخصص حقوق",
    "votes": 0,
    "is_best_answer": false,
    "is_published": true,
    "created_at": "2025-12-01T20:58:19.227Z",
    "updated_at": "2025-12-01T20:58:19.227Z"
  }
},
{
  "model": "lawfirm.answer",
  "pk": 8,
  "fields": {
    "question": 8,
    "content": "دیه مبلغی است که برای جبران خسارت جسمی یا جانی به فرد پرداخت می‌شود. میزان دیه بر اساس نوع جراحت یا فوت توسط پزشکی قانونی تعیین و به نرخ روز محاسبه می‌شود.",
    "answerer_name": "موسسه حقوقی دادگان",
    "answerer_title": "متخصص حقوق",
    "votes": 0,
    "is_best_answer": false,
    "is_published": true,
    "created_at": "2025-12-01T20:58:19.232Z",
    "updated_at": "2025-12-01T20:58:19.232Z"
  }
},
{
  "model": "lawfirm.answer",
  "pk": 9,
  "fields": {
    "question": 9,
    "content": "شما می‌توانید با مراجعه به شورای حل اختلاف درخواست تخلیه مستاجر را مطرح کنید. پس از صدور حکم تخلیه، اگر مستاجر همچنان اجاره را پرداخت نکند، حکم تخلیه اجرا می‌شود.",
    "answerer_name": "موسسه حقوقی دادگان",
    "answerer_title": "متخصص حقوق",
    "votes": 0,
    "is_best_answer": false,
    "is_published": true,
    "created_at": "2025-12-01T20:58:19.237Z",
    "updated_at": "2025-12-01T20:58:19.237Z"
  }
},
{
  "model": "lawfirm.answer",
  "pk": 10,
  "fields": {
    "question": 10,
    "content": "تقسیم ارث بر اساس قانون مدنی ایران انجام می‌شود. سهم هر وارث بر اساس نسبت خویشاوندی با متوفی و طبقه ارث مشخص می‌شود. ابتدا دیون و وصایای متوفی کسر می‌شود و سپس ارث میان ورثه تقسیم می‌گردد.",
    "answerer_name": "موسسه حقوقی دادگان",
    "answerer_title": "متخصص حقوق",
    "votes": 0,
    "is_best_answer": false,
    "is_published": true,
    "created_at": "2025-12-01T20:58:19.242Z",
    "updated_at": "2025-12-01T20:58:19.242Z"
  }
},
{
  "model": "lawfirm.answer",
  "pk": 11,
  "fields": {
    "question": 11,
    "content": "بله، شما می‌توانید به اداره کار مراجعه کرده و شکایت خود را ثبت کنید. اداره کار وظیفه دارد به مشکلات مربوط به عدم پرداخت حقوق رسیدگی کند و کارفرما را ملزم به پرداخت معوقات کند.",
    "answerer_name": "موسسه حقوقی دادگان",
    "answerer_title": "متخصص حقوق",
    "votes": 0,
    "is_best_answer": false,
    "is_published": true,
    "created_at": "2025-12-01T20:58:19.247Z",
    "updated_at": "2025-12-01T20:58:19.247Z"
  }
},
{
  "model": "lawfirm.answer",
  "pk": 12,
  "fields": {
    "question": 12,
    "content": "مهریه عندالمطالبه به این معناست که زن می‌تواند هر زمان که بخواهد بعد از عقد نکاح، مهریه خود را طلب کند و مرد موظف به پرداخت آن است.",
    "answerer_name": "موسسه حقوقی دادگان",
    "answerer_title": "متخصص حقوق",
    "votes": 0,
    "is_best_answer": false,
    "is_published": true,
    "created_at": "2025-12-01T20:58:19.252Z",
    "updated_at": "2025-12-01T20:58:19.252Z"
  }
},
{
  "model": "lawfirm.answer",
  "pk": 13,
  "fields": {
    "question": 13,
    "content": "گواهی عدم سازش سندی است که نشان می‌دهد تلاش برای سازش میان زن و شوهر به نتیجه نرسیده است. این گواهی توسط دادگاه صادر می‌شود و لازمه آغاز مراحل طلاق است.",
    "answerer_name": "موسسه حقوقی دادگان",
    "answerer_title": "متخصص حقوق",
    "votes": 0,
    "is_best_answer": false,
    "is_published": true,
    "created_at": "2025-12-01T20:58:19.257Z",
    "updated_at": "2025-12-01T20:58:19.257Z"
  }
},
{
  "model": "lawfirm.answer",
  "pk": 14,
  "fields": {
    "question": 14,
    "content": "در صورت جدایی، حضانت فرزند تا سن ۷ سالگی معمولاً با مادر است. بعد از این سن، حضانت با پدر خواهد بود مگر اینکه دادگاه به نفع مادر حکم دهد.",
    "answerer_name": "موسسه حقوقی دادگان",
    "answerer_title": "متخصص حقوق",
    "votes": 0,
    "is_best_answer": false,
    "is_published": true,
    "created_at": "2025-12-01T20:58:19.262Z",
    "updated_at": "2025-12-01T20:58:19.262Z"
  }
},
{
  "model": "lawfirm.answer",
  "pk": 15,
  "fields": {
    "question": 15,
    "content": "اجرت‌المثل به معنای دستمزدی است که زن به دلیل کارهایی که در خانه شوهر انجام داده، دریافت می‌کند. این حق در صورتی به زن تعلق می‌گیرد که درخواست طلاق از سوی مرد باشد و زن بدون دریافت مزد در منزل شوهر کار کرده باشد.",
    "answerer_name": "موسسه حقوقی دادگان",
    "answerer_title": "متخصص حقوق",
    "votes": 0,
    "is_best_answer": false,
    "is_published": true,
    "created_at": "2025-12-01T20:58:19.267Z",
    "updated_at": "2025-12-01T20:58:19.267Z"
  }
},
{
  "model": "lawfirm.answer",
  "pk": 16,
  "fields": {
    "question": 16,
    "content": "خیر، بدون داشتن کارت پایان خدمت یا معافیت از خدمت نظام وظیفه، معمولاً امکان دریافت گذرنامه وجود ندارد. شما باید ابتدا وضعیت خدمت نظام وظیفه خود را تعیین کنید.",
    "answerer_name": "موسسه حقوقی دادگان",
    "answerer_title": "متخصص حقوق",
    "votes": 0,
    "is_best_answer": false,
    "is_published": true,
    "created_at": "2025-12-01T20:58:19.272Z",
    "updated_at": "2025-12-01T20:58:19.272Z"
  }
},
{
  "model": "lawfirm.answer",
  "pk": 17,
  "fields": {
    "question": 17,
    "content": "اگر کارفرما برای شما حق بیمه پرداخت نکرده است، می‌توانید به شعبه تامین اجتماعی محل کار خود مراجعه کرده و شکایت کنید. سازمان تامین اجتماعی کارفرما را ملزم به پرداخت حق بیمه خواهد کرد.",
    "answerer_name": "موسسه حقوقی دادگان",
    "answerer_title": "متخصص حقوق",
    "votes": 0,
    "is_best_answer": false,
    "is_published": true,
    "created_at": "2025-12-01T20:58:19.280Z",
    "updated_at": "2025-12-01T20:58:19.280Z"
  }
},
{
  "model": "lawfirm.answer",
  "pk": 18,
  "fields": {
    "question": 18,
    "content": "برای شکایت از مزاحم تلفنی، باید به پلیس فتا یا دادسرای جرایم رایانه‌ای مراجعه کنید و شکایت خود را ثبت کنید. با پیگیری قانونی، شماره تلفن فرد مزاحم قابل شناسایی و پیگیری خواهد بود.",
    "answerer_name": "موسسه حقوقی دادگان",
    "answerer_title": "متخصص حقوق",
    "votes": 0,
    "is_best_answer": false,
    "is_published": true,
    "created_at": "2025-12-01T20:58:19.285Z",
    "updated_at": "2025-12-01T20:58:19.285Z"
  }
},
{
  "model": "lawfirm.answer",
  "pk": 19,
  "fields": {
    "question": 19,
    "content": "پناهندگی به معنای درخواست حمایت از یک کشور دیگر به دلیل ترس از آزار یا خطر در کشور مبدا است. برای گرفتن پناهندگی، باید به کشور مقصد درخواست دهید و دلایل قانع‌کننده برای پناهندگی ارائه کنید.",
    "answerer_name": "موسسه حقوقی دادگان",
    "answerer_title": "متخصص حقوق",
    "votes": 0,
    "is_best_answer": false,
    "is_published": true,
    "created_at": "2025-12-01T20:58:19.289Z",
    "updated_at": "2025-12-01T20:58:19.289Z"
  }
},
{
  "model": "lawfirm.answer",
  "pk": 20,
  "fields": {
    "question": 20,
    "content": "برای دریافت تابعیت ایران، باید حداقل ۵ سال در ایران اقامت داشته باشید و درخواست خود را به وزارت کشور ارائه کنید. همچنین باید شرایط لازم مانند داشتن شغل قانونی و عدم سوءپیشینه را نیز داشته باشید.",
    "answerer_name": "موسسه حقوقی دادگان",
    "answerer_title": "متخصص حقوق",
    "votes": 0,
    "is_best_answer": false,
    "is_published": true,
    "created_at": "2025-12-01T20:58:19.295Z",
    "updated_at": "2025-12-01T20:58:19.295Z"
  }
},
{
  "model": "lawfirm.answer",
  "pk": 21,
  "fields": {
    "question": 21,
    "content": "در صورت تصادف بدون بیمه، شما مسئول پرداخت تمامی خسارات به طرف مقابل خواهید بود. همچنین ممکن است جریمه نقدی و محرومیت‌های دیگری نیز به شما تحمیل شود.",
    "answerer_name": "موسسه حقوقی دادگان",
    "answerer_title": "متخصص حقوق",
    "votes": 0,
    "is_best_answer": false,
    "is_published": true,
    "created_at": "2025-12-01T20:58:19.300Z",
    "updated_at": "2025-12-01T20:58:19.300Z"
  }
},
{
  "model": "lawfirm.answer",
  "pk": 22,
  "fields": {
    "question": 30,
    "content": "شرکت بیمه‌ای که از پرداخت خسارت خودداری کرده است، دفاع کنید. وکیل شما می‌تواند به شما کمک کند تا حقوق خود را در دادگاه یا از طریق مذاکره با شرکت بیمه‌ای، پیگیری کنید.\r\n\r\nوکیل شما می‌تواند به شما کمک کند تا:\r\n\r\nمدارک و اسناد لازم را جمع‌آوری کنید\r\nشکایت خود را در دادگاه ثبت کنید\r\nدر جلسات دادگاه حضور پیدا کنید و از حقوق شما دفاع کنید\r\nبا شرکت بیمه‌ای مذاکره کنید تا به توافق برسید\r\nهمچنین، وکیل شما می‌تواند به شما کمک کند تا از حقوق خود در برابر شرکت بیمه‌ای آگاه شوید و از طریق قانونی، خسارت خود را دریافت کنید.",
    "answerer_name": "موسسه حقوقی دادگان",
    "answerer_title": "مشاور حقوقی",
    "votes": 0,
    "is_best_answer": true,
    "is_published": true,
    "created_at": "2025-12-01T21:48:31.205Z",
    "updated_at": "2025-12-01T21:48:31.205Z"
  }
},
{
  "model": "lawfirm.answer",
  "pk": 23,
  "fields": {
    "question": 31,
    "content": "طبق قانون، مهریه به عنوان حق مالی زن شناخته می‌شود و به محض وقوع عقد نکاح به زن تعلق می‌گیرد. زن می‌تواند در هر زمانی پس از عقد درخواست مهریه کند.",
    "answerer_name": "موسسه حقوقی دادگان",
    "answerer_title": "مشاور حقوقی",
    "votes": 0,
    "is_best_answer": true,
    "is_published": true,
    "created_at": "2025-12-01T21:48:31.216Z",
    "updated_at": "2025-12-01T21:48:31.216Z"
  }
},
{
  "model": "lawfirm.answer",
  "pk": 24,
  "fields": {
    "question": 32,
    "content": "برای اجرا گذاشتن سفته، ابتدا باید سفته را واخواست کنید. پس از واخواست، می‌توانید از طریق دادگاه درخواست اجراییه کنید.",
    "answerer_name": "موسسه حقوقی دادگان",
    "answerer_title": "مشاور حقوقی",
    "votes": 0,
    "is_best_answer": true,
    "is_published": true,
    "created_at": "2025-12-01T21:48:31.225Z",
    "updated_at": "2025-12-01T21:48:31.225Z"
  }
},
{
  "model": "lawfirm.answer",
  "pk": 25,
  "fields": {
    "question": 33,
    "content": "برای ثبت شرکت، باید ابتدا نوع شرکت را مشخص کنید (سهامی خاص، مسئولیت محدود و غیره)، سپس از طریق سامانه ثبت شرکت‌ها مدارک مورد نیاز را تهیه و ارسال کنید.",
    "answerer_name": "موسسه حقوقی دادگان",
    "answerer_title": "مشاور حقوقی",
    "votes": 0,
    "is_best_answer": true,
    "is_published": true,
    "created_at": "2025-12-01T21:48:31.235Z",
    "updated_at": "2025-12-01T21:48:31.235Z"
  }
},
{
  "model": "lawfirm.answer",
  "pk": 26,
  "fields": {
    "question": 34,
    "content": "اگر شوهر شما حاضر به طلاق نیست، شما می‌توانید با ارائه دلایلی مانند عسر و حرج (سختی در زندگی مشترک) یا عدم پرداخت نفقه، درخواست طلاق کنید. همچنین در صورت داشتن شروط ضمن عقد، می‌توانید از آن استفاده کنید.",
    "answerer_name": "موسسه حقوقی دادگان",
    "answerer_title": "مشاور حقوقی",
    "votes": 0,
    "is_best_answer": true,
    "is_published": true,
    "created_at": "2025-12-01T21:48:31.243Z",
    "updated_at": "2025-12-01T21:48:31.243Z"
  }
},
{
  "model": "lawfirm.answer",
  "pk": 27,
  "fields": {
    "question": 35,
    "content": "شما می‌توانید با مراجعه به دادگاه خانواده و ارائه دادخواست، درخواست نفقه معوقه کنید. نفقه یک حق قانونی برای زن است و شوهر موظف به پرداخت آن است.",
    "answerer_name": "موسسه حقوقی دادگان",
    "answerer_title": "مشاور حقوقی",
    "votes": 0,
    "is_best_answer": true,
    "is_published": true,
    "created_at": "2025-12-01T21:48:31.253Z",
    "updated_at": "2025-12-01T21:48:31.253Z"
  }
},
{
  "model": "lawfirm.answer",
  "pk": 28,
  "fields": {
    "question": 36,
    "content": "برای پیگیری چک برگشتی، ابتدا باید گواهی عدم پرداخت از بانک دریافت کنید و سپس با ارائه آن به دادگاه، دادخواست مطالبه وجه چک را مطرح کنید.",
    "answerer_name": "موسسه حقوقی دادگان",
    "answerer_title": "مشاور حقوقی",
    "votes": 0,
    "is_best_answer": true,
    "is_published": true,
    "created_at": "2025-12-01T21:48:31.263Z",
    "updated_at": "2025-12-01T21:48:31.263Z"
  }
},
{
  "model": "lawfirm.answer",
  "pk": 29,
  "fields": {
    "question": 37,
    "content": "دیه مبلغی است که برای جبران خسارت جسمی یا جانی به فرد پرداخت می‌شود. میزان دیه بر اساس نوع جراحت یا فوت توسط پزشکی قانونی تعیین و به نرخ روز محاسبه می‌شود.",
    "answerer_name": "موسسه حقوقی دادگان",
    "answerer_title": "مشاور حقوقی",
    "votes": 0,
    "is_best_answer": true,
    "is_published": true,
    "created_at": "2025-12-01T21:48:31.272Z",
    "updated_at": "2025-12-01T21:48:31.272Z"
  }
},
{
  "model": "lawfirm.answer",
  "pk": 30,
  "fields": {
    "question": 38,
    "content": "شما می‌توانید با مراجعه به شورای حل اختلاف درخواست تخلیه مستاجر را مطرح کنید. پس از صدور حکم تخلیه، اگر مستاجر همچنان اجاره را پرداخت نکند، حکم تخلیه اجرا می‌شود.",
    "answerer_name": "موسسه حقوقی دادگان",
    "answerer_title": "مشاور حقوقی",
    "votes": 0,
    "is_best_answer": true,
    "is_published": true,
    "created_at": "2025-12-01T21:48:31.283Z",
    "updated_at": "2025-12-01T21:48:31.283Z"
  }
},
{
  "model": "lawfirm.answer",
  "pk": 31,
  "fields": {
    "question": 39,
    "content": "تقسیم ارث بر اساس قانون مدنی ایران انجام می‌شود. سهم هر وارث بر اساس نسبت خویشاوندی با متوفی و طبقه ارث مشخص می‌شود. ابتدا دیون و وصایای متوفی کسر می‌شود و سپس ارث میان ورثه تقسیم می‌گردد.",
    "answerer_name": "موسسه حقوقی دادگان",
    "answerer_title": "مشاور حقوقی",
    "votes": 0,
    "is_best_answer": true,
    "is_published": true,
    "created_at": "2025-12-01T21:48:31.291Z",
    "updated_at": "2025-12-01T21:48:31.291Z"
  }
},
{
  "model": "lawfirm.answer",
  "pk": 32,
  "fields": {
    "question": 40,
    "content": "بله، شما می‌توانید به اداره کار مراجعه کرده و شکایت خود را ثبت کنید. اداره کار وظیفه دارد به مشکلات مربوط به عدم پرداخت حقوق رسیدگی کند و کارفرما را ملزم به پرداخت معوقات کند.",
    "answerer_name": "موسسه حقوقی دادگان",
    "answerer_title": "مشاور حقوقی",
    "votes": 0,
    "is_best_answer": true,
    "is_published": true,
    "created_at": "2025-12-01T21:48:31.301Z",
    "updated_at": "2025-12-01T21:48:31.301Z"
  }
},
{
  "model": "lawfirm.answer",
  "pk": 33,
  "fields": {
    "question": 41,
    "content": "مهریه عندالمطالبه به این معناست که زن می‌تواند هر زمان که بخواهد بعد از عقد نکاح، مهریه خود را طلب کند و مرد موظف به پرداخت آن است.",
    "answerer_name": "موسسه حقوقی دادگان",
    "answerer_title": "مشاور حقوقی",
    "votes": 0,
    "is_best_answer": true,
    "is_published": true,
    "created_at": "2025-12-01T21:48:31.310Z",
    "updated_at": "2025-12-01T21:48:31.310Z"
  }
},
{
  "model": "lawfirm.answer",
  "pk": 34,
  "fields": {
    "question": 42,
    "content": "گواهی عدم سازش سندی است که نشان می‌دهد تلاش برای سازش میان زن و شوهر به نتیجه نرسیده است. این گواهی توسط دادگاه صادر می‌شود و لازمه آغاز مراحل طلاق است.",
    "answerer_name": "موسسه حقوقی دادگان",
    "answerer_title": "مشاور حقوقی",
    "votes": 0,
    "is_best_answer": true,
    "is_published": true,
    "created_at": "2025-12-01T21:48:31.318Z",
    "updated_at": "2025-12-01T21:48:31.318Z"
  }
},
{
  "model": "lawfirm.answer",
  "pk": 35,
  "fields": {
    "question": 43,
    "content": "در صورت جدایی، حضانت فرزند تا سن ۷ سالگی معمولاً با مادر است. بعد از این سن، حضانت با پدر خواهد بود مگر اینکه دادگاه به نفع مادر حکم دهد.",
    "answerer_name": "موسسه حقوقی دادگان",
    "answerer_title": "مشاور حقوقی",
    "votes": 0,
    "is_best_answer": true,
    "is_published": true,
    "created_at": "2025-12-01T21:48:31.328Z",
    "updated_at": "2025-12-01T21:48:31.328Z"
  }
},
{
  "model": "lawfirm.answer",
  "pk": 36,
  "fields": {
    "question": 44,
    "content": "اجرت‌المثل به معنای دستمزدی است که زن به دلیل کارهایی که در خانه شوهر انجام داده، دریافت می‌کند. این حق در صورتی به زن تعلق می‌گیرد که درخواست طلاق از سوی مرد باشد و زن بدون دریافت مزد در منزل شوهر کار کرده باشد.",
    "answerer_name": "موسسه حقوقی دادگان",
    "answerer_title": "مشاور حقوقی",
    "votes": 0,
    "is_best_answer": true,
    "is_published": true,
    "created_at": "2025-12-01T21:48:31.336Z",
    "updated_at": "2025-12-01T21:48:31.336Z"
  }
},
{
  "model": "lawfirm.answer",
  "pk": 37,
  "fields": {
    "question": 45,
    "content": "خیر، بدون داشتن کارت پایان خدمت یا معافیت از خدمت نظام وظیفه، معمولاً امکان دریافت گذرنامه وجود ندارد. شما باید ابتدا وضعیت خدمت نظام وظیفه خود را تعیین کنید.",
    "answerer_name": "موسسه حقوقی دادگان",
    "answerer_title": "مشاور حقوقی",
    "votes": 0,
    "is_best_answer": true,
    "is_published": true,
    "created_at": "2025-12-01T21:48:31.346Z",
    "updated_at": "2025-12-01T21:48:31.346Z"
  }
},
{
  "model": "lawfirm.answer",
  "pk": 38,
  "fields": {
    "question": 46,
    "content": "اگر کارفرما برای شما حق بیمه پرداخت نکرده است، می‌توانید به شعبه تامین اجتماعی محل کار خود مراجعه کرده و شکایت کنید. سازمان تامین اجتماعی کارفرما را ملزم به پرداخت حق بیمه خواهد کرد.",
    "answerer_name": "موسسه حقوقی دادگان",
    "answerer_title": "مشاور حقوقی",
    "votes": 0,
    "is_best_answer": true,
    "is_published": true,
    "created_at": "2025-12-01T21:48:31.354Z",
    "updated_at": "2025-12-01T21:48:31.354Z"
  }
},
{
  "model": "lawfirm.answer",
  "pk": 39,
  "fields": {
    "question": 47,
    "content": "برای شکایت از مزاحم تلفنی، باید به پلیس فتا یا دادسرای جرایم رایانه‌ای مراجعه کنید و شکایت خود را ثبت کنید. با پیگیری قانونی، شماره تلفن فرد مزاحم قابل شناسایی و پیگیری خواهد بود.",
    "answerer_name": "موسسه حقوقی دادگان",
    "answerer_title": "مشاور حقوقی",
    "votes": 0,
    "is_best_answer": true,
    "is_published": true,
    "created_at": "2025-12-01T21:48:31.364Z",
    "updated_at": "2025-12-01T21:48:31.364Z"
  }
},
{
  "model": "lawfirm.answer",
  "pk": 40,
  "fields": {
    "question": 48,
    "content": "پناهندگی به معنای درخواست حمایت از یک کشور دیگر به دلیل ترس از آزار یا خطر در کشور مبدا است. برای گرفتن پناهندگی، باید به کشور مقصد درخواست دهید و دلایل قانع‌کننده برای پناهندگی ارائه کنید.",
    "answerer_name": "موسسه حقوقی دادگان",
    "answerer_title": "مشاور حقوقی",
    "votes": 0,
    "is_best_answer": true,
    "is_published": true,
    "created_at": "2025-12-01T21:48:31.372Z",
    "updated_at": "2025-12-01T21:48:31.372Z"
  }
},
{
  "model": "lawfirm.answer",
  "pk": 41,
  "fields": {
    "question": 49,
    "content": "برای دریافت تابعیت ایران، باید حداقل ۵ سال در ایران اقامت داشته باشید و درخواست خود را به وزارت کشور ارائه کنید. همچنین باید شرایط لازم مانند داشتن شغل قانونی و عدم سوءپیشینه را نیز داشته باشید.",
    "answerer_name": "موسسه حقوقی دادگان",
    "answerer_title": "مشاور حقوقی",
    "votes": 0,
    "is_best_answer": true,
    "is_published": true,
    "created_at": "2025-12-01T21:48:31.382Z",
    "updated_at": "2025-12-01T21:48:31.382Z"
  }
},
{
  "model": "lawfirm.answer",
  "pk": 42,
  "fields": {
    "question": 50,
    "content": "در صورت تصادف بدون بیمه، شما مسئول پرداخت تمامی خسارات به طرف مقابل خواهید بود. همچنین ممکن است جریمه نقدی و محرومیت‌های دیگری نیز به شما تحمیل شود.",
    "answerer_name": "موسسه حقوقی دادگان",
    "answerer_title": "مشاور حقوقی",
    "votes": 0,
    "is_best_answer": true,
    "is_published": true,
    "created_at": "2025-12-01T21:48:31.391Z",
    "updated_at": "2025-12-01T21:48:31.391Z"
  }
},
{
  "model": "lawfirm.answer",
  "pk": 43,
  "fields": {
    "question": 59,
    "content": "شرکت بیمه‌ای که از پرداخت خسارت خودداری کرده است، دفاع کنید. وکیل شما می‌تواند به شما کمک کند تا حقوق خود را در دادگاه یا از طریق مذاکره با شرکت بیمه‌ای، پیگیری کنید.\r\n\r\nوکیل شما می‌تواند به شما کمک کند تا:\r\n\r\nمدارک و اسناد لازم را جمع‌آوری کنید\r\nشکایت خود را در دادگاه ثبت کنید\r\nدر جلسات دادگاه حضور پیدا کنید و از حقوق شما دفاع کنید\r\nبا شرکت بیمه‌ای مذاکره کنید تا به توافق برسید\r\nهمچنین، وکیل شما می‌تواند به شما کمک کند تا از حقوق خود در برابر شرکت بیمه‌ای آگاه شوید و از طریق قانونی، خسارت خود را دریافت کنید.",
    "answerer_name": "موسسه حقوقی دادگان",
    "answerer_title": "مشاور حقوقی",
    "votes": 0,
    "is_best_answer": true,
    "is_published": true,
    "created_at": "2025-12-01T21:54:19.794Z",
    "updated_at": "2025-12-01T21:54:19.794Z"
  }
},
{
  "model": "lawfirm.answer",
  "pk": 44,
  "fields": {
    "question": 60,
    "content": "طبق قانون، مهریه به عنوان حق مالی زن شناخته می‌شود و به محض وقوع عقد نکاح به زن تعلق می‌گیرد. زن می‌تواند در هر زمانی پس از عقد درخواست مهریه کند.",
    "answerer_name": "موسسه حقوقی دادگان",
    "answerer_title": "مشاور حقوقی",
    "votes": 0,
    "is_best_answer": true,
    "is_published": true,
    "created_at": "2025-12-01T21:54:19.804Z",
    "updated_at": "2025-12-01T21:54:19.804Z"
  }
},
{
  "model": "lawfirm.answer",
  "pk": 45,
  "fields": {
    "question": 61,
    "content": "برای اجرا گذاشتن سفته، ابتدا باید سفته را واخواست کنید. پس از واخواست، می‌توانید از طریق دادگاه درخواست اجراییه کنید.",
    "answerer_name": "موسسه حقوقی دادگان",
    "answerer_title": "مشاور حقوقی",
    "votes": 0,
    "is_best_answer": true,
    "is_published": true,
    "created_at": "2025-12-01T21:54:19.815Z",
    "updated_at": "2025-12-01T21:54:19.815Z"
  }
},
{
  "model": "lawfirm.answer",
  "pk": 46,
  "fields": {
    "question": 62,
    "content": "برای ثبت شرکت، باید ابتدا نوع شرکت را مشخص کنید (سهامی خاص، مسئولیت محدود و غیره)، سپس از طریق سامانه ثبت شرکت‌ها مدارک مورد نیاز را تهیه و ارسال کنید.",
    "answerer_name": "موسسه حقوقی دادگان",
    "answerer_title": "مشاور حقوقی",
    "votes": 0,
    "is_best_answer": true,
    "is_published": true,
    "created_at": "2025-12-01T21:54:19.824Z",
    "updated_at": "2025-12-01T21:54:19.824Z"
  }
},
{
  "model": "lawfirm.answer",
  "pk": 47,
  "fields": {
    "question": 63,
    "content": "اگر شوهر شما حاضر به طلاق نیست، شما می‌توانید با ارائه دلایلی مانند عسر و حرج (سختی در زندگی مشترک) یا عدم پرداخت نفقه، درخواست طلاق کنید. همچنین در صورت داشتن شروط ضمن عقد، می‌توانید از آن استفاده کنید.",
    "answerer_name": "موسسه حقوقی دادگان",
    "answerer_title": "مشاور حقوقی",
    "votes": 0,
    "is_best_answer": true,
    "is_published": true,
    "created_at": "2025-12-01T21:54:19.836Z",
    "updated_at": "2025-12-01T21:54:19.836Z"
  }
},
{
  "model": "lawfirm.answer",
  "pk": 48,
  "fields": {
    "question": 64,
    "content": "شما می‌توانید با مراجعه به دادگاه خانواده و ارائه دادخواست، درخواست نفقه معوقه کنید. نفقه یک حق قانونی برای زن است و شوهر موظف به پرداخت آن است.",
    "answerer_name": "موسسه حقوقی دادگان",
    "answerer_title": "مشاور حقوقی",
    "votes": 0,
    "is_best_answer": true,
    "is_published": true,
    "created_at": "2025-12-01T21:54:19.846Z",
    "updated_at": "2025-12-01T21:54:19.847Z"
  }
},
{
  "model": "lawfirm.answer",
  "pk": 49,
  "fields": {
    "question": 65,
    "content": "برای پیگیری چک برگشتی، ابتدا باید گواهی عدم پرداخت از بانک دریافت کنید و سپس با ارائه آن به دادگاه، دادخواست مطالبه وجه چک را مطرح کنید.",
    "answerer_name": "موسسه حقوقی دادگان",
    "answerer_title": "مشاور حقوقی",
    "votes": 0,
    "is_best_answer": true,
    "is_published": true,
    "created_at": "2025-12-01T21:54:19.857Z",
    "updated_at": "2025-12-01T21:54:19.857Z"
  }
},
{
  "model": "lawfirm.answer",
  "pk": 50,
  "fields": {
    "question": 66,
    "content": "دیه مبلغی است که برای جبران خسارت جسمی یا جانی به فرد پرداخت می‌شود. میزان دیه بر اساس نوع جراحت یا فوت توسط پزشکی قانونی تعیین و به نرخ روز محاسبه می‌شود.",
    "answerer_name": "موسسه حقوقی دادگان",
    "answerer_title": "مشاور حقوقی",
    "votes": 0,
    "is_best_answer": true,
    "is_published": true,
    "created_at": "2025-12-01T21:54:19.867Z",
    "updated_at": "2025-12-01T21:54:19.867Z"
  }
},
{
  "model": "lawfirm.answer",
  "pk": 51,
  "fields": {
    "question": 67,
    "content": "شما می‌توانید با مراجعه به شورای حل اختلاف درخواست تخلیه مستاجر را مطرح کنید. پس از صدور حکم تخلیه، اگر مستاجر همچنان اجاره را پرداخت نکند، حکم تخلیه اجرا می‌شود.",
    "answerer_name": "موسسه حقوقی دادگان",
    "answerer_title": "مشاور حقوقی",
    "votes": 0,
    "is_best_answer": true,
    "is_published": true,
    "created_at": "2025-12-01T21:54:19.877Z",
    "updated_at": "2025-12-01T21:54:19.877Z"
  }
},
{
  "model": "lawfirm.answer",
  "pk": 52,
  "fields": {
    "question": 68,
    "content": "تقسیم ارث بر اساس قانون مدنی ایران انجام می‌شود. سهم هر وارث بر اساس نسبت خویشاوندی با متوفی و طبقه ارث مشخص می‌شود. ابتدا دیون و وصایای متوفی کسر می‌شود و سپس ارث میان ورثه تقسیم می‌گردد.",
    "answerer_name": "موسسه حقوقی دادگان",
    "answerer_title": "مشاور حقوقی",
    "votes": 0,
    "is_best_answer": true,
    "is_published": true,
    "created_at": "2025-12-01T21:54:19.888Z",
    "updated_at": "2025-12-01T21:54:19.888Z"
  }
},
{
  "model": "lawfirm.answer",
  "pk": 53,
  "fields": {
    "question": 69,
    "content": "بله، شما می‌توانید به اداره کار مراجعه کرده و شکایت خود را ثبت کنید. اداره کار وظیفه دارد به مشکلات مربوط به عدم پرداخت حقوق رسیدگی کند و کارفرما را ملزم به پرداخت معوقات کند.",
    "answerer_name": "موسسه حقوقی دادگان",
    "answerer_title": "مشاور حقوقی",
    "votes": 0,
    "is_best_answer": true,
    "is_published": true,
    "created_at": "2025-12-01T21:54:19.902Z",
    "updated_at": "2025-12-01T21:54:19.902Z"
  }
},
{
  "model": "lawfirm.answer",
  "pk": 54,
  "fields": {
    "question": 70,
    "content": "مهریه عندالمطالبه به این معناست که زن می‌تواند هر زمان که بخواهد بعد از عقد نکاح، مهریه خود را طلب کند و مرد موظف به پرداخت آن است.",
    "answerer_name": "موسسه حقوقی دادگان",
    "answerer_title": "مشاور حقوقی",
    "votes": 0,
    "is_best_answer": true,
    "is_published": true,
    "created_at": "2025-12-01T21:54:19.914Z",
    "updated_at": "2025-12-01T21:54:19.914Z"
  }
},
{
  "model": "lawfirm.answer",
  "pk": 55,
  "fields": {
    "question": 71,
    "content": "گواهی عدم سازش سندی است که نشان می‌دهد تلاش برای سازش میان زن و شوهر به نتیجه نرسیده است. این گواهی توسط دادگاه صادر می‌شود و لازمه آغاز مراحل طلاق است.",
    "answerer_name": "موسسه حقوقی دادگان",
    "answerer_title": "مشاور حقوقی",
    "votes": 0,
    "is_best_answer": true,
    "is_published": true,
    "created_at": "2025-12-01T21:54:19.924Z",
    "updated_at": "2025-12-01T21:54:19.924Z"
  }
},
{
  "model": "lawfirm.answer",
  "pk": 56,
  "fields": {
    "question": 72,
    "content": "در صورت جدایی، حضانت فرزند تا سن ۷ سالگی معمولاً با مادر است. بعد از این سن، حضانت با پدر خواهد بود مگر اینکه دادگاه به نفع مادر حکم دهد.",
    "answerer_name": "موسسه حقوقی دادگان",
    "answerer_title": "مشاور حقوقی",
    "votes": 0,
    "is_best_answer": true,
    "is_published": true,
    "created_at": "2025-12-01T21:54:19.933Z",
    "updated_at": "2025-12-01T21:54:19.933Z"
  }
},
{
  "model": "lawfirm.answer",
  "pk": 57,
  "fields": {
    "question": 73,
    "content": "اجرت‌المثل به معنای دستمزدی است که زن به دلیل کارهایی که در خانه شوهر انجام داده، دریافت می‌کند. این حق در صورتی به زن تعلق می‌گیرد که درخواست طلاق از سوی مرد باشد و زن بدون دریافت مزد در منزل شوهر کار کرده باشد.",
    "answerer_name": "موسسه حقوقی دادگان",
    "answerer_title": "مشاور حقوقی",
    "votes": 0,
    "is_best_answer": true,
    "is_published": true,
    "created_at": "2025-12-01T21:54:19.944Z",
    "updated_at": "2025-12-01T21:54:19.944Z"
  }
},
{
  "model": "lawfirm.answer",
  "pk": 58,
  "fields": {
    "question": 74,
    "content": "خیر، بدون داشتن کارت پایان خدمت یا معافیت از خدمت نظام وظیفه، معمولاً امکان دریافت گذرنامه وجود ندارد. شما باید ابتدا وضعیت خدمت نظام وظیفه خود را تعیین کنید.",
    "answerer_name": "موسسه حقوقی دادگان",
    "answerer_title": "مشاور حقوقی",
    "votes": 0,
    "is_best_answer": true,
    "is_published": true,
    "created_at": "2025-12-01T21:54:19.954Z",
    "updated_at": "2025-12-01T21:54:19.954Z"
  }
},
{
  "model": "lawfirm.answer",
  "pk": 59,
  "fields": {
    "question": 75,
    "content": "اگر کارفرما برای شما حق بیمه پرداخت نکرده است، می‌توانید به شعبه تامین اجتماعی محل کار خود مراجعه کرده و شکایت کنید. سازمان تامین اجتماعی کارفرما را ملزم به پرداخت حق بیمه خواهد کرد.",
    "answerer_name": "موسسه حقوقی دادگان",
    "answerer_title": "مشاور حقوقی",
    "votes": 0,
    "is_best_answer": true,
    "is_published": true,
    "created_at": "2025-12-01T21:54:19.964Z",
    "updated_at": "2025-12-01T21:54:19.964Z"
  }
},
{
  "model": "lawfirm.answer",
  "pk": 60,
  "fields": {
    "question": 76,
    "content": "برای شکایت از مزاحم تلفنی، باید به پلیس فتا یا دادسرای جرایم رایانه‌ای مراجعه کنید و شکایت خود را ثبت کنید. با پیگیری قانونی، شماره تلفن فرد مزاحم قابل شناسایی و پیگیری خواهد بود.",
    "answerer_name": "موسسه حقوقی دادگان",
    "answerer_title": "مشاور حقوقی",
    "votes": 0,
    "is_best_answer": true,
    "is_published": true,
    "created_at": "2025-12-01T21:54:19.973Z",
    "updated_at": "2025-12-01T21:54:19.973Z"
  }
},
{
  "model": "lawfirm.answer",
  "pk": 61,
  "fields": {
    "question": 77,
    "content": "پناهندگی به معنای درخواست حمایت از یک کشور دیگر به دلیل ترس از آزار یا خطر در کشور مبدا است. برای گرفتن پناهندگی، باید به کشور مقصد درخواست دهید و دلایل قانع‌کننده برای پناهندگی ارائه کنید.",
    "answerer_name": "موسسه حقوقی دادگان",
    "answerer_title": "مشاور حقوقی",
    "votes": 0,
    "is_best_answer": true,
    "is_published": true,
    "created_at": "2025-12-01T21:54:19.982Z",
    "updated_at": "2025-12-01T21:54:19.982Z"
  }
},
{
  "model": "lawfirm.answer",
  "pk": 62,
  "fields": {
    "question": 78,
    "content": "برای دریافت تابعیت ایران، باید حداقل ۵ سال در ایران اقامت داشته باشید و درخواست خود را به وزارت کشور ارائه کنید. همچنین باید شرایط لازم مانند داشتن شغل قانونی و عدم سوءپیشینه را نیز داشته باشید.",
    "answerer_name": "موسسه حقوقی دادگان",
    "answerer_title": "مشاور حقوقی",
    "votes": 0,
    "is_best_answer": true,
    "is_published": true,
    "created_at": "2025-12-01T21:54:19.990Z",
    "updated_at": "2025-12-01T21:54:19.990Z"
  }
},
{
  "model": "lawfirm.answer",
  "pk": 63,
  "fields": {
    "question": 79,
    "content": "در صورت تصادف بدون بیمه، شما مسئول پرداخت تمامی خسارات به طرف مقابل خواهید بود. همچنین ممکن است جریمه نقدی و محرومیت‌های دیگری نیز به شما تحمیل شود.",
    "answerer_name": "موسسه حقوقی دادگان",
    "answerer_title": "مشاور حقوقی",
    "votes": 0,
    "is_best_answer": true,
    "is_published": true,
    "created_at": "2025-12-01T21:54:19.999Z",
    "updated_at": "2025-12-01T21:54:19.999Z"
  }
},
{
  "model": "lawfirm.consultationtype",
  "pk": 1,
  "fields": {
    "name": "مشاوره تلفنی",
    "price": 150000,
    "duration": 30,
    "description": "مشاوره تلفنی 30 دقیقه‌ای با وکیل پایه یک",
    "is_active": true
  }
},
{
  "model": "lawfirm.consultationtype",
  "pk": 2,
  "fields": {
    "name": "مشاوره حضوری",
    "price": 300000,
    "duration": 60,
    "description": "مشاوره حضوری یک ساعته در دفتر",
    "is_active": true
  }
},
{
  "model": "lawfirm.consultationtype",
  "pk": 3,
  "fields": {
    "name": "مشاوره آنلاین (ویدیو)",
    "price": 200000,
    "duration": 45,
    "description": "مشاوره آنلاین 45 دقیقه‌ای از طریق ویدیو کال",
    "is_active": true
  }
},
{
  "model": "lawfirm.consultationrequest",
  "pk": 1,
  "fields": {
    "full_name": "حسن جعفری",
    "phone": "09021100755",
    "email": "journalehsan@gmail.com",
    "consultation_type": 1,
    "field": "family",
    "description": "مشاوره می خوام",
    "preferred_date": null,
    "scheduled_date": null,
    "status": "pending",
    "admin_notes": "",
    "admin_message": "",
    "user": null,
    "created_at": "2025-12-04T21:52:09.098Z",
    "updated_at": "2025-12-04T21:52:09.099Z"
  }
},
{
  "model": "lawfirm.consultationrequest",
  "pk": 2,
  "fields": {
    "full_name": "حسن جعفری",
    "phone": "09021100755",
    "email": "journalehsan@gmail.com",
    "consultation_type": 1,
    "field": "family",
    "description": "مشاوره می خوام",
    "preferred_date": null,
    "scheduled_date": null,
    "status": "pending",
    "admin_notes": "",
    "admin_message": "",
    "user": null,
    "created_at": "2025-12-04T21:53:51.912Z",
    "updated_at": "2025-12-04T21:53:51.912Z"
  }
},
{
  "model": "lawfirm.consultationrequest",
  "pk": 3,
  "fields": {
    "full_name": "رضا مرادی",
    "phone": "09128571596",
    "email": "reza@beza.ir",
    "consultation_type": 1,
    "field": "family",
    "description": "می خوام ا زنم طلاق بستونم چه کنم",
    "preferred_date": "2025-12-04T22:52:06Z",
    "scheduled_date": "2025-12-15T08:30:00Z",
    "status": "confirmed",
    "admin_notes": "یاد اشت مدیر دیگه چیه؟",
    "admin_message": "در روز و زمان تایین شده مبلغ را به این شماره حساب واریز کنید با شما تمس گرفته می شود.",
    "user": [
      "user"
    ],
    "created_at": "2025-12-04T22:50:22.577Z",
    "updated_at": "2025-12-04T22:53:20.637Z"
  }
},
{
  "model": "lawfirm.notification",
  "pk": 1,
  "fields": {
    "user": [
      "user"
    ],
    "notification_type": "general",
    "title": "درخواست مشاوره ثبت شد",
    "message": "درخواست مشاوره شما با موفقیت ثبت شد. منتظر تأیید مدیریت باشید.",
    "consultation": 3,
    "is_read": true,
    "created_at": "2025-12-04T22:50:22.580Z"
  }
},
{
  "model": "admin.logentry",
  "pk": 1,
  "fields": {
    "action_time": "2025-12-04T22:53:20.638Z",
    "user": [
      "admin"
    ],
    "content_type": [
      "lawfirm",
      "consultationrequest"
    ],
    "object_id": "3",
    "object_repr": "مشاوره رضا مرادی - حقوق خانواده",
    "action_flag": 2,
    "change_message": "[{\"changed\": {\"fields\": [\"\\u062a\\u0627\\u0631\\u06cc\\u062e \\u0645\\u0637\\u0644\\u0648\\u0628\", \"\\u0648\\u0636\\u0639\\u06cc\\u062a\", \"\\u062a\\u0627\\u0631\\u06cc\\u062e \\u062a\\u0639\\u06cc\\u06cc\\u0646 \\u0634\\u062f\\u0647 \\u062a\\u0648\\u0633\\u0637 \\u0645\\u062f\\u06cc\\u0631\", \"\\u067e\\u06cc\\u0627\\u0645 \\u0645\\u062f\\u06cc\\u0631 \\u0628\\u0647 \\u06a9\\u0627\\u0631\\u0628\\u0631\", \"\\u06cc\\u0627\\u062f\\u062f\\u0627\\u0634\\u062a \\u0645\\u062f\\u06cc\\u0631\"]}}]"
  }
}
]
